Date,Open,High,Low,Close,Volume
2015-11-07,1400.0,1445.0,1376.5,1445.0,60.0
2015-11-08,1445.0,1465.0,1411.2,1440.9,20.0
2015-11-09,1440.9,1493.4,1400.0,1493.4,90.0
2015-11-10,1493.4,1493.4,1300.0,1340.0,140.0
2015-11-11,1340.0,1365.1,1161.0,1267.0,130.0
2015-11-12,1267.0,1410.0,1200.0,1366.7,130.0
2015-11-13,1366.7,1367.0,1295.8,1320.0,90.0
2015-11-14,1320.0,1330.0,1300.9,1330.0,30.0
2015-11-15,1330.0,1342.4,1280.1,1318.0,30.0
2015-11-16,1318.0,1318.5,1240.0,1291.0,120.0
2015-11-17,1291.0,1329.0,1284.4,1328.5,50.0
2015-11-18,1328.5,1337.1,1290.0,1307.0,50.0
2015-11-19,1307.0,1325.0,1280.0,1285.0,100.0
2015-11-20,1285.0,1289.0,1223.0,1237.3,50.0
2015-11-21,1237.3,1279.0,1200.0,1269.9,50.0
2015-11-22,1269.9,1277.0,1254.0,1254.0,10.0
2015-11-23,1254.0,1263.0,1216.0,1257.0,100.0
2015-11-24,1257.0,1350.0,1230.0,1249.0,130.0
2015-11-25,1249.0,1365.0,1200.0,1286.2,220.0
2015-11-26,1286.2,1414.0,1274.0,1397.0,150.0
2015-11-27,1397.0,1440.0,1369.2,1434.9,70.0
2015-11-28,1434.9,1436.0,1368.0,1419.0,90.0
2015-11-29,1419.0,1550.0,1381.0,1436.0,40.0
2015-11-30,1436.0,1525.0,1436.0,1516.9,130.0
2015-12-01,1516.9,1519.0,1410.0,1472.0,110.0
2015-12-02,1472.0,1491.0,1411.0,1469.9,80.0
2015-12-03,1469.9,1490.0,1431.1,1474.4,90.0
2015-12-04,1474.4,1475.0,1416.1,1473.0,70.0
2015-12-05,1473.0,1500.0,1457.8,1500.0,40.0
2015-12-06,1500.0,1543.3,1484.0,1539.0,100.0
2015-12-07,1539.0,1580.0,1501.1,1575.0,80.0
2015-12-08,1575.0,1635.0,1539.6,1562.7,110.0
2015-12-09,1606.0,1680.0,1600.0,1669.0,120.0
2015-12-10,1669.0,1674.0,1616.0,1674.0,120.0
2015-12-11,1674.0,1799.5,1651.8,1798.0,160.0
2015-12-12,1799.0,1849.0,1627.0,1680.0,80.0
2015-12-13,1680.0,1756.8,1680.0,1700.0,70.0
2015-12-14,1700.0,1785.3,1700.0,1760.0,90.0
2015-12-15,1760.0,1849.0,1711.1,1849.0,210.0
2015-12-16,1849.0,1855.0,1780.0,1810.0,180.0
2015-12-17,1810.0,1890.0,1783.3,1885.0,130.0
2015-12-18,1885.0,1895.0,1842.0,1863.1,100.0
2015-12-19,1863.1,1942.8,1863.1,1929.3,40.0
2015-12-20,1929.3,1929.3,1823.0,1849.0,50.0
2015-12-21,1849.0,1889.0,1743.0,1857.6,150.0
2015-12-22,1857.6,1870.0,1822.0,1864.9,70.0
2015-12-23,1864.9,1890.0,1822.0,1829.4,100.0
2015-12-24,1829.4,1888.0,1829.4,1850.9,40.0
2015-12-25,1850.9,1879.0,1850.0,1876.9,20.0
2015-12-26,1876.9,1876.9,1761.0,1761.0,40.0
2015-12-27,1761.0,1801.0,1750.0,1770.0,30.0
2015-12-28,1770.0,1780.0,1720.0,1745.0,60.0
2015-12-29,1745.0,1800.0,1706.6,1787.7,110.0
2015-12-30,1787.7,1826.4,1741.3,1812.0,50.0
2015-12-31,1812.0,1840.0,1762.2,1792.0,50.0
2016-01-01,1792.0,1821.2,1767.1,1818.0,10.0
2016-01-02,1818.0,1818.0,1769.0,1783.0,20.0
2016-01-03,1783.0,1800.0,1766.0,1780.0,40.0
2016-01-04,1780.0,1830.0,1771.6,1825.0,130.0
2016-01-05,1802.6,1825.0,1781.2,1825.0,90.0
2016-01-06,1825.0,1830.0,1802.0,1820.0,50.0
2016-01-07,1820.0,1953.8,1812.0,1949.0,200.0
2016-01-08,1949.0,1955.0,1839.8,1880.0,130.0
2016-01-09,1880.0,1915.0,1865.5,1897.0,30.0
2016-01-10,1897.0,1911.1,1865.6,1886.0,20.0
2016-01-11,1886.0,1915.0,1866.0,1896.0,80.0
2016-01-12,1896.0,1940.0,1876.2,1940.0,100.0
2016-01-13,1940.0,1940.0,1849.0,1868.0,170.0
2016-01-14,1868.0,1906.9,1852.0,1905.0,70.0
2016-01-15,1905.0,1906.0,1710.0,1774.9,280.0
2016-01-16,1774.9,1775.0,1651.1,1775.0,90.0
2016-01-17,1775.0,1810.0,1722.2,1785.0,40.0
2016-01-18,1785.0,1799.9,1700.0,1789.0,290.0
2016-01-19,1789.0,1789.0,1715.0,1730.0,150.0
2016-01-20,1730.0,1798.8,1690.0,1790.0,190.0
2016-01-21,1790.0,1797.9,1732.4,1773.0,130.0
2016-01-22,1773.0,1775.0,1635.6,1713.0,120.0
2016-01-23,1713.0,1735.0,1681.2,1707.3,30.0
2016-01-24,1707.3,1770.0,1700.0,1723.0,70.0
2016-01-25,1723.0,1760.0,1712.3,1740.0,60.0
2016-01-26,1740.0,1765.0,1707.8,1758.0,110.0
2016-01-27,1758.0,1775.0,1722.0,1763.0,110.0
2016-01-28,1763.0,1763.0,1711.0,1731.9,100.0
2016-01-29,1731.9,1732.0,1650.0,1725.0,110.0
2016-01-30,1725.0,1738.5,1689.0,1716.0,30.0
2016-01-31,1716.0,1738.5,1650.9,1707.9,30.0
2016-02-01,1707.9,1715.0,1622.5,1660.0,80.0
2016-02-02,1660.0,1694.0,1628.0,1661.0,90.0
2016-02-03,1661.0,1679.6,1601.0,1625.0,130.0
2016-02-04,1620.0,1667.0,1559.1,1635.0,120.0
2016-02-05,1635.0,1666.9,1626.0,1666.0,70.0
2016-02-06,1666.0,1666.0,1624.7,1650.0,20.0
2016-02-07,1650.0,1650.0,1600.0,1600.0,70.0
2016-02-08,1600.0,1633.0,1570.0,1610.0,90.0
2016-02-09,1610.0,1615.0,1561.0,1586.4,70.0
2016-02-10,1586.4,1629.0,1566.0,1599.7,110.0
2016-02-11,1599.7,1630.0,1561.0,1607.8,120.0
2016-02-12,1607.8,1624.0,1565.0,1609.0,140.0
2016-02-13,1609.0,1655.0,1609.0,1633.0,40.0
2016-02-14,1633.0,1709.0,1633.0,1706.0,40.0
2016-02-15,1706.0,1750.0,1700.0,1748.0,90.0
2016-02-16,1747.0,1747.0,1696.3,1726.6,120.0
2016-02-17,1726.6,1800.0,1723.1,1771.9,170.0
2016-02-18,1771.9,1814.0,1751.0,1811.9,100.0
2016-02-19,1811.9,1811.9,1771.0,1781.2,90.0
2016-02-20,1781.2,1847.0,1775.0,1847.0,40.0
2016-02-21,1847.0,1850.0,1806.0,1811.0,40.0
2016-02-22,1811.0,1839.0,1780.1,1825.0,110.0
2016-02-23,1825.0,1825.0,1751.2,1760.5,110.0
2016-02-24,1760.5,1821.2,1728.0,1770.0,140.0
2016-02-25,1770.0,1770.0,1742.0,1770.0,60.0
2016-02-26,1770.0,1810.0,1755.0,1785.3,70.0
2016-02-27,1785.3,1810.0,1785.3,1810.0,30.0
2016-02-28,1810.0,1810.0,1780.0,1810.0,20.0
2016-02-29,1810.0,1824.0,1770.0,1810.1,100.0
2016-03-01,1810.1,1849.0,1810.1,1821.0,120.0
2016-03-02,1821.0,1834.9,1786.0,1799.0,100.0
2016-03-03,1799.0,1835.0,1750.3,1770.0,150.0
2016-03-04,1770.0,1789.6,1704.2,1739.0,90.0
2016-03-05,1739.0,1745.0,1660.0,1682.0,80.0
2016-03-06,1682.0,1746.0,1682.0,1703.3,30.0
2016-03-07,1703.3,1735.0,1691.2,1735.0,100.0
2016-03-08,1735.0,1758.0,1695.0,1738.0,130.0
2016-03-09,1738.0,1738.0,1700.0,1720.0,130.0
2016-03-10,1720.0,1738.0,1700.0,1715.0,100.0
2016-03-11,1715.0,1735.0,1690.0,1729.2,140.0
2016-03-12,1729.2,1733.0,1696.0,1706.8,30.0
2016-03-13,1706.8,1708.9,1630.2,1680.0,30.0
2016-03-14,1680.0,1738.0,1640.0,1726.0,130.0
2016-03-15,1726.0,1735.0,1683.0,1734.0,100.0
2016-03-16,1734.0,1740.0,1697.7,1715.9,120.0
2016-03-17,1715.9,1740.0,1707.0,1715.0,70.0
2016-03-18,1715.0,1737.7,1671.7,1699.0,120.0
2016-03-19,1699.0,1699.0,1601.0,1680.0,80.0
2016-03-20,1680.0,1680.0,1614.7,1673.6,30.0
2016-03-21,1673.6,1679.8,1616.0,1640.6,150.0
2016-03-22,1640.6,1680.0,1638.0,1677.3,170.0
2016-03-23,1677.2,1820.0,1645.2,1780.0,280.0
2016-03-24,1780.0,1801.0,1704.2,1742.6,140.0
2016-03-25,1742.6,1797.9,1742.5,1758.0,90.0
2016-03-26,1758.0,1762.7,1713.1,1735.0,60.0
2016-03-27,1735.0,1800.0,1714.0,1759.0,150.0
2016-03-28,1759.0,1801.0,1746.0,1770.0,240.0
2016-03-29,1770.0,1805.0,1720.0,1747.2,200.0
2016-03-30,1747.2,1748.8,1710.8,1737.0,110.0
2016-03-31,1710.8,1735.0,1701.0,1724.0,170.0
2016-04-01,1724.0,1740.0,1700.0,1718.0,200.0
2016-04-02,1718.0,1719.0,1685.0,1690.0,30.0
2016-04-03,1690.0,1719.2,1690.0,1714.0,30.0
2016-04-04,1714.0,1729.0,1640.0,1719.4,250.0
2016-04-05,1719.4,1725.0,1660.5,1701.0,190.0
2016-04-06,1701.0,1713.0,1684.0,1709.5,100.0
2016-04-07,1709.5,1710.0,1672.2,1699.0,100.0
2016-04-08,1699.0,1699.0,1642.0,1675.0,210.0
2016-04-09,1675.0,1675.0,1636.1,1655.0,40.0
2016-04-10,1655.0,1668.0,1650.1,1668.0,20.0
2016-04-11,1668.0,1673.0,1615.0,1622.9,140.0
2016-04-12,1622.9,1640.0,1616.1,1639.0,110.0
2016-04-13,1639.0,1650.0,1623.4,1650.0,190.0
2016-04-14,1650.0,1660.0,1630.1,1660.0,110.0
2016-04-15,1660.0,1720.0,1642.2,1700.0,130.0
2016-04-16,1700.0,1720.0,1685.5,1697.0,40.0
2016-04-17,1697.0,1706.8,1673.9,1685.8,20.0
2016-04-18,1685.8,1700.0,1626.1,1675.8,140.0
2016-04-19,1675.8,1700.0,1655.0,1699.0,100.0
2016-04-20,1699.0,1750.0,1677.6,1734.0,260.0
2016-04-21,1734.0,1745.0,1718.0,1744.8,90.0
2016-04-22,1744.8,1752.0,1705.3,1746.5,150.0
2016-04-23,1746.5,1750.0,1708.1,1718.0,60.0
2016-04-24,1718.0,1760.0,1718.0,1760.0,40.0
2016-04-25,1760.0,1787.0,1726.7,1786.0,210.0
2016-04-26,1786.0,1844.0,1766.0,1815.0,130.0
2016-04-27,1815.0,1833.0,1750.0,1772.0,180.0
2016-04-28,1772.0,1786.5,1715.0,1755.0,150.0
2016-04-29,1755.0,1775.0,1706.1,1757.7,130.0
2016-04-30,1757.7,1757.9,1714.5,1715.0,40.0
2016-05-01,1715.0,1742.3,1713.0,1729.5,20.0
2016-05-02,1729.5,1740.0,1701.3,1701.3,180.0
2016-05-03,1701.3,1769.0,1701.3,1748.6,220.0
2016-05-04,1748.6,1753.0,1725.0,1732.4,120.0
2016-05-05,1732.4,1767.0,1720.0,1744.9,140.0
2016-05-06,1744.0,1764.0,1721.0,1750.2,110.0
2016-05-07,1750.2,1764.0,1740.0,1741.0,20.0
2016-05-08,1741.0,1760.0,1736.0,1736.0,30.0
2016-05-09,1736.0,1780.0,1715.0,1779.9,240.0
2016-05-10,1779.9,1780.0,1720.0,1725.0,240.0
2016-05-11,1725.0,1751.3,1723.3,1745.7,170.0
2016-05-12,1750.0,1764.0,1720.0,1764.0,150.0
2016-05-13,1764.0,1780.0,1736.1,1761.0,150.0
2016-05-14,1761.0,1780.0,1755.0,1776.0,60.0
2016-05-15,1776.0,1776.0,1760.0,1761.2,20.0
2016-05-16,1761.2,1808.0,1754.0,1775.4,200.0
2016-05-17,1763.0,1797.9,1755.0,1779.0,190.0
2016-05-18,1779.0,1790.0,1756.7,1783.0,170.0
2016-05-19,1783.0,1799.0,1757.0,1770.0,200.0
2016-05-20,1770.0,1771.0,1743.0,1770.0,140.0
2016-05-21,1770.0,1775.0,1747.0,1756.0,50.0
2016-05-22,1756.0,1764.5,1738.0,1755.0,40.0
2016-05-23,1755.0,1790.0,1720.1,1747.3,270.0
2016-05-24,1747.3,1790.0,1731.1,1760.0,210.0
2016-05-25,1760.0,1780.0,1742.0,1769.9,210.0
2016-05-26,1770.0,1775.0,1752.0,1772.0,80.0
2016-05-27,1772.0,1813.9,1755.4,1813.9,220.0
2016-05-28,1813.9,1897.0,1780.0,1870.0,160.0
2016-05-29,1870.0,1917.0,1855.0,1875.1,100.0
2016-05-30,1875.1,2090.0,1875.1,2050.0,280.0
2016-05-31,2050.0,2090.0,1800.0,2025.0,340.0
2016-06-01,2043.2,2090.0,1992.0,2088.9,280.0
2016-06-02,2088.9,2142.9,2025.2,2100.0,180.0
2016-06-03,2100.0,2400.0,2072.2,2220.0,360.0
2016-06-04,2220.0,2329.2,2205.0,2292.8,130.0
2016-06-05,2292.8,2295.0,2255.0,2290.0,50.0
2016-06-06,2290.0,2337.8,2255.2,2335.0,220.0
2016-06-07,2335.0,2404.6,2257.0,2340.0,300.0
2016-06-08,2340.0,2340.0,2264.0,2297.0,270.0
2016-06-09,2297.0,2315.0,2202.8,2280.0,240.0
2016-06-10,2280.0,2280.0,2199.0,2241.9,150.0
2016-06-11,2241.9,2274.0,2225.0,2269.0,60.0
2016-06-12,2269.0,2466.0,2269.0,2430.0,180.0
2016-06-13,2430.0,2689.0,2397.0,2551.1,350.0
2016-06-14,2551.1,2607.0,2450.0,2565.5,230.0
2016-06-15,2565.5,2600.0,2515.0,2590.0,220.0
2016-06-16,2590.0,2959.0,2566.1,2881.1,340.0
2016-06-17,2881.1,2951.3,2820.0,2920.0,220.0
2016-06-18,2920.0,2930.0,2763.8,2874.6,130.0
2016-06-19,2874.6,2890.0,2581.0,2800.0,70.0
2016-06-20,2800.0,2884.5,2701.5,2831.2,170.0
2016-06-21,2827.5,2870.0,2500.0,2615.0,270.0
2016-06-22,2615.0,2660.0,2301.0,2310.1,290.0
2016-06-23,2301.0,2450.5,2011.2,2298.9,400.0
2016-06-24,2298.9,2599.0,2298.9,2455.0,250.0
2016-06-25,2455.0,2540.0,2454.8,2485.0,80.0
2016-06-26,2464.0,2488.0,2340.0,2350.0,80.0
2016-06-27,2350.0,2414.0,2255.1,2296.0,150.0
2016-06-28,2296.0,2404.5,2265.0,2328.0,170.0
2016-06-29,2328.0,2328.0,2185.7,2251.0,140.0
2016-06-30,2251.0,2304.9,2205.0,2262.8,200.0
2016-07-01,2262.8,2304.0,2202.0,2275.1,150.0
2016-07-02,2275.1,2299.0,2201.3,2299.0,70.0
2016-07-03,2299.0,2299.0,2218.0,2232.5,60.0
2016-07-04,2232.5,2280.0,2220.0,2250.1,120.0
2016-07-05,2250.1,2288.0,2243.3,2260.0,110.0
2016-07-06,2260.0,2359.9,2260.0,2336.0,100.0
2016-07-07,2336.0,2358.8,2154.4,2275.0,170.0
2016-07-08,2275.0,2348.0,2257.0,2322.5,200.0
2016-07-09,2322.5,2344.0,2248.1,2270.1,110.0
2016-07-10,2270.1,2310.0,2263.3,2298.8,30.0
2016-07-11,2298.8,2298.8,2205.5,2253.2,130.0
2016-07-12,2253.2,2281.5,2221.5,2278.0,70.0
2016-07-13,2278.0,2335.0,2250.0,2305.0,190.0
2016-07-14,2305.0,2306.5,2255.9,2285.0,120.0
2016-07-15,2285.0,2285.0,2235.0,2256.5,110.0
2016-07-16,2256.5,2316.0,2255.0,2279.0,90.0
2016-07-17,2279.0,2295.0,2254.0,2275.0,20.0
2016-07-18,2275.0,2315.0,2265.9,2270.4,100.0
2016-07-19,2270.4,2295.0,2260.0,2280.0,140.0
2016-07-20,2280.0,2294.0,2240.0,2281.0,130.0
2016-07-21,2281.0,2284.7,2230.0,2260.0,80.0
2016-07-22,2260.0,2275.0,2185.3,2245.5,100.0
2016-07-23,2245.5,2263.0,2231.0,2258.8,30.0
2016-07-24,2258.8,2258.8,2202.8,2246.0,20.0
2016-07-25,2246.0,2250.0,2165.7,2214.2,120.0
2016-07-26,2214.2,2322.0,2160.1,2160.1,260.0
2016-07-27,2160.1,2228.9,2156.1,2188.9,140.0
2016-07-28,2188.9,2190.0,2010.0,2135.0,130.0
2016-07-29,2135.0,2184.9,2011.1,2128.0,110.0
2016-07-30,2128.0,2153.0,2065.2,2094.0,40.0
2016-07-31,2094.0,2120.0,2050.0,2092.9,20.0
2016-08-01,2092.9,2092.9,1801.2,1992.0,160.0
2016-08-02,1992.0,2000.2,1800.0,1800.0,220.0
2016-08-03,1800.0,2000.0,1740.0,1985.0,270.0
2016-08-04,1985.0,2032.0,1930.0,1971.0,100.0
2016-08-05,1971.0,2032.0,1925.0,1947.0,230.0
2016-08-06,1947.0,1989.8,1910.0,1968.0,110.0
2016-08-07,1968.0,1985.0,1920.0,1931.4,60.0
2016-08-08,1931.4,1974.8,1921.0,1967.2,80.0
2016-08-09,1967.2,1974.4,1850.0,1909.0,140.0
2016-08-10,1909.0,1949.0,1870.0,1921.7,110.0
2016-08-11,1921.7,1944.7,1841.0,1920.0,150.0
2016-08-12,1920.0,1935.3,1860.0,1898.0,90.0
2016-08-13,1898.0,1946.8,1866.7,1910.6,80.0
2016-08-14,1910.6,1938.6,1868.0,1906.4,70.0
2016-08-15,1906.4,1940.0,1870.0,1900.0,100.0
2016-08-16,1900.0,2100.0,1874.0,2100.0,160.0
2016-08-17,2020.0,2094.0,1900.0,1945.0,150.0
2016-08-18,1945.0,1945.0,1902.1,1924.8,120.0
2016-08-19,1924.8,1955.0,1900.1,1911.0,140.0
2016-08-20,1911.0,1945.0,1905.0,1906.2,90.0
2016-08-21,1906.2,1945.0,1906.2,1937.1,30.0
2016-08-22,1937.1,1970.0,1913.0,1922.6,110.0
2016-08-23,1922.6,1950.0,1920.0,1925.0,70.0
2016-08-24,1925.0,1949.0,1925.0,1945.3,90.0
2016-08-25,1945.3,1950.0,1925.0,1946.0,100.0
2016-08-26,1946.0,1946.8,1927.4,1945.0,80.0
2016-08-27,1945.0,1945.0,1928.0,1945.0,40.0
2016-08-28,1945.0,1945.0,1928.0,1943.9,20.0
2016-08-29,1943.9,1955.0,1927.5,1947.2,120.0
2016-08-30,1947.2,1955.0,1926.1,1950.0,110.0
2016-08-31,1950.0,1955.0,1929.1,1929.6,120.0
2016-09-01,1929.6,1949.0,1841.2,1896.0,260.0
2016-09-02,1896.0,1929.0,1875.0,1904.0,130.0
2016-09-03,1904.0,1946.2,1894.1,1935.0,50.0
2016-09-04,1935.0,1980.0,1928.1,1959.0,90.0
2016-09-05,1959.0,1990.0,1940.9,1959.6,100.0
2016-09-06,1959.6,1999.0,1943.5,1950.2,110.0
2016-09-07,1950.2,2000.0,1950.0,1988.1,70.0
2016-09-08,1988.1,2035.0,1967.1,2003.3,90.0
2016-09-09,2032.3,2033.0,1980.0,2022.8,70.0
2016-09-10,2022.8,2035.0,2006.0,2035.0,20.0
2016-09-11,2035.0,2035.0,1965.0,2025.8,50.0
2016-09-12,1990.0,2029.0,1954.2,2002.4,80.0
2016-09-13,2002.4,2070.0,1980.0,2000.0,140.0
2016-09-14,1986.0,2018.0,1966.7,1982.5,110.0
2016-09-15,1982.5,2000.0,1950.0,1980.9,140.0
2016-09-16,1980.9,1990.0,1935.0,1957.3,80.0
2016-09-17,1957.3,1970.0,1933.7,1951.0,30.0
2016-09-18,1951.0,2010.0,1951.0,1988.0,50.0
2016-09-19,1988.0,1998.0,1947.8,1960.0,110.0
2016-09-20,1960.0,2000.0,1937.4,1985.0,120.0
2016-09-21,1985.0,1985.0,1937.4,1965.8,130.0
2016-09-22,1965.8,1985.0,1946.8,1963.0,110.0
2016-09-23,1963.0,2024.0,1961.1,2010.0,80.0
2016-09-24,2010.0,2010.0,1990.9,1998.2,30.0
2016-09-25,1998.2,2010.0,1986.7,1987.5,20.0
2016-09-26,1987.5,2007.0,1965.0,2000.0,90.0
2016-09-27,2000.0,2005.0,1968.8,1992.3,110.0
2016-09-28,1992.3,1999.0,1971.0,1988.0,70.0
2016-09-29,1988.0,1997.0,1954.5,1980.1,130.0
2016-09-30,1980.1,2000.0,1958.0,1970.1,120.0
2016-10-01,1970.1,2030.7,1970.1,2008.9,40.0
2016-10-02,2008.9,2023.0,1980.0,2000.0,20.0
2016-10-03,2000.0,2021.9,1975.0,1985.0,150.0
2016-10-04,1985.0,2000.0,1975.0,1982.3,100.0
2016-10-05,1982.3,2000.0,1951.6,1984.0,130.0
2016-10-06,1984.0,2013.9,1961.0,2010.6,170.0
2016-10-07,2010.6,2050.0,1990.0,2032.5,140.0
2016-10-08,2032.5,2032.5,2002.0,2007.3,70.0
2016-10-09,2007.3,2047.8,1990.5,2016.1,70.0
2016-10-10,2016.1,2050.0,1997.0,2050.0,110.0
2016-10-11,2050.0,2146.6,2020.0,2100.1,160.0
2016-10-12,2100.1,2123.5,2082.0,2094.3,90.0
2016-10-13,2094.3,2118.4,2080.0,2102.6,80.0
2016-10-14,2102.6,2220.0,2082.0,2218.0,130.0
2016-10-15,2218.0,2229.0,2105.1,2181.0,90.0
2016-10-16,2181.0,2192.2,2131.0,2164.4,20.0
2016-10-17,2164.4,2175.0,2110.2,2139.1,90.0
2016-10-18,2139.1,2175.0,2125.3,2157.3,90.0
2016-10-19,2157.3,2170.0,2106.3,2122.1,160.0
2016-10-20,2122.1,2164.5,2122.1,2130.0,130.0
2016-10-21,2130.0,2161.2,2107.0,2107.0,120.0
2016-10-22,2107.0,2178.0,2107.0,2160.1,60.0
2016-10-23,2160.1,2178.1,2160.0,2174.0,20.0
2016-10-24,2174.0,2174.0,2113.1,2145.9,170.0
2016-10-25,2145.9,2178.0,2124.0,2151.3,150.0
2016-10-26,2151.3,2239.9,2130.0,2200.0,150.0
2016-10-27,2200.0,2250.0,2184.9,2247.3,150.0
2016-10-28,2247.3,2360.0,2220.0,2300.0,200.0
2016-10-29,2300.0,2479.0,2280.0,2431.2,100.0
2016-10-30,2431.2,2454.0,2370.0,2419.8,90.0
2016-10-31,2419.8,2419.8,2345.0,2350.0,140.0
2016-11-01,2350.0,2600.0,2340.0,2464.4,210.0
2016-11-02,2464.4,2473.0,2392.9,2420.0,110.0
2016-11-03,2420.0,2473.0,2261.1,2281.2,180.0
2016-11-04,2281.2,2389.0,2260.0,2345.3,110.0
2016-11-05,2345.3,2383.0,2316.4,2343.6,70.0
2016-11-06,2343.6,2365.5,2320.0,2359.0,20.0
2016-11-07,2359.0,2368.0,2320.6,2362.6,140.0
2016-11-08,2362.6,2364.0,2330.0,2349.1,150.0
2016-11-09,2349.1,2437.0,2320.6,2398.8,190.0
2016-11-10,2398.8,2460.0,2398.0,2431.0,110.0
2016-11-11,2431.0,2543.0,2427.0,2490.1,130.0
2016-11-12,2490.1,2515.8,2482.5,2497.6,50.0
2016-11-13,2497.6,2497.6,2437.0,2450.0,90.0
2016-11-14,2450.0,2494.0,2437.0,2473.6,150.0
2016-11-15,2473.6,2490.0,2456.4,2485.0,60.0
2016-11-16,2485.0,2495.0,2350.0,2427.7,220.0
2016-11-17,2427.7,2500.0,2320.0,2449.0,150.0
2016-11-18,2473.0,2550.0,2430.0,2530.1,180.0
2016-11-19,2559.0,2577.0,2516.0,2559.0,60.0
2016-11-20,2571.0,2580.0,2435.0,2485.0,60.0
2016-11-21,2507.1,2567.9,2460.4,2527.3,120.0
2016-11-22,2598.0,2620.0,2452.0,2580.0,150.0
2016-11-23,2580.0,2619.9,2500.0,2585.8,160.0
2016-11-24,2576.1,2609.9,2530.0,2567.0,140.0
2016-11-25,2560.3,2590.0,2545.0,2570.0,90.0
2016-11-26,2571.0,2589.9,2540.0,2586.7,50.0
2016-11-27,2561.0,2590.0,2554.5,2584.9,20.0
2016-11-28,2584.9,2619.9,2542.3,2552.1,170.0
2016-11-29,2560.0,2593.9,2540.1,2565.0,140.0
2016-11-30,2551.1,2588.8,2522.7,2557.0,210.0
2016-12-01,2612.0,2636.0,2557.0,2608.0,160.0
2016-12-02,2635.0,2732.1,2609.1,2701.4,180.0
2016-12-03,2730.5,2732.1,2700.0,2715.4,40.0
2016-12-04,2738.1,2749.1,2710.0,2717.4,40.0
2016-12-05,2748.3,2794.1,2710.0,2750.0,200.0
2016-12-06,2715.5,2790.0,2713.0,2714.0,200.0
2016-12-07,2709.2,2758.0,2681.1,2726.6,160.0
2016-12-08,2709.0,2720.0,2667.0,2669.4,150.0
2016-12-09,2678.0,2715.0,2652.5,2704.0,170.0
2016-12-10,2701.0,2739.0,2680.0,2706.8,80.0
2016-12-11,2707.0,2750.0,2675.3,2683.0,60.0
2016-12-12,2701.1,2750.0,2682.9,2720.1,230.0
2016-12-13,2721.0,2750.0,2713.8,2721.0,150.0
2016-12-14,2703.6,2744.8,2696.0,2713.3,150.0
2016-12-15,2727.0,2737.0,2701.1,2708.1,100.0
2016-12-16,2715.1,2749.0,2707.9,2748.5,110.0
2016-12-17,2749.0,2760.0,2720.9,2757.0,50.0
2016-12-18,2770.0,2772.8,2735.5,2770.0,20.0
2016-12-19,2746.3,2770.3,2732.0,2754.9,80.0
2016-12-20,2754.9,2780.0,2725.0,2769.9,150.0
2016-12-21,2770.0,2849.5,2761.1,2821.1,260.0
2016-12-22,2844.8,2949.9,2823.0,2942.9,170.0
2016-12-23,2985.2,3144.5,2924.7,3134.5,190.0
2016-12-24,3122.1,3135.0,3010.0,3065.0,80.0
2016-12-25,3080.0,3100.0,2915.0,3005.0,50.0
2016-12-26,3033.2,3135.0,2974.0,3135.0,110.0
2016-12-27,3102.0,3326.0,3070.0,3325.0,180.0
2016-12-28,3500.0,3699.0,3252.0,3630.0,260.0
2016-12-29,3599.0,3640.0,3501.0,3571.0,180.0
2016-12-30,3574.9,3600.0,3400.0,3439.0,210.0
2016-12-31,3400.0,3499.0,3385.0,3463.0,40.0
2017-01-01,3471.9,3615.0,3424.2,3585.0,70.0
2017-01-02,3585.0,3798.0,3549.1,3661.0,150.0
2017-01-03,3620.0,3709.0,3564.6,3650.0,170.0
2017-01-04,3970.0,4095.0,3586.3,4010.0,250.0
2017-01-05,4000.0,4050.0,3600.0,3710.0,320.0
2017-01-06,3500.0,3900.0,3200.0,3500.6,280.0
2017-01-07,3500.6,3551.0,3260.3,3348.0,170.0
2017-01-08,3442.1,3494.0,3315.0,3430.0,80.0
2017-01-09,3430.0,3450.0,3330.0,3418.8,150.0
2017-01-10,3418.8,3437.2,3250.0,3300.0,160.0
2017-01-11,3300.0,3342.8,2500.0,2723.1,400.0
2017-01-12,2723.1,3200.0,2535.0,2980.0,290.0
2017-01-13,2980.0,3049.0,2800.0,2946.0,200.0
2017-01-14,2946.0,2998.0,2871.0,2929.0,80.0
2017-01-15,2929.0,2939.0,2881.0,2922.7,20.0
2017-01-16,2922.7,2990.0,2890.0,2910.0,120.0
2017-01-17,2910.0,3139.9,2906.0,3062.0,210.0
2017-01-18,3062.0,3100.0,2905.0,2934.0,260.0
2017-01-19,2934.0,2985.0,2900.0,2915.0,180.0
2017-01-20,2915.0,2970.0,2881.4,2920.0,150.0
2017-01-21,2920.0,3010.0,2915.0,2964.1,200.0
2017-01-22,2964.1,3010.0,2950.0,2950.0,80.0
2017-01-23,2950.0,3000.0,2930.1,2968.0,140.0
2017-01-24,2968.0,3000.0,2876.3,2894.0,180.0
2017-01-25,2894.0,2916.0,2806.1,2900.0,160.0
2017-01-26,2900.0,2924.0,2847.0,2924.0,170.0
2017-01-27,2924.0,3000.0,2879.0,2941.0,200.0
2017-01-28,2941.0,2949.6,2898.2,2927.0,60.0
2017-01-29,2927.0,2927.0,2880.0,2900.0,70.0
2017-01-30,2900.0,2927.0,2851.4,2905.0,160.0
2017-01-31,2905.0,2950.0,2860.0,2950.0,170.0
2017-02-01,2950.0,2994.0,2903.2,2994.0,260.0
2017-02-02,2994.0,3055.6,2951.0,3018.0,190.0
2017-02-03,3018.0,3078.3,2900.0,3074.0,210.0
2017-02-04,3074.0,3090.0,3022.0,3074.9,60.0
2017-02-05,3074.9,3074.9,2992.0,2992.0,40.0
2017-02-06,2992.0,3049.0,2970.0,3012.1,130.0
2017-02-07,3012.1,3100.0,2988.0,3089.9,210.0
2017-02-08,3089.9,3250.0,3000.0,3221.0,230.0
2017-02-09,3221.0,3248.4,2900.0,3027.0,340.0
2017-02-10,3027.0,3245.0,2950.0,3130.0,210.0
2017-02-11,3130.0,3199.1,3088.1,3179.5,80.0
2017-02-12,3179.5,3179.5,3101.6,3130.0,50.0
2017-02-13,3130.0,3250.0,3090.0,3130.2,190.0
2017-02-14,3130.2,3235.0,3090.0,3165.0,240.0
2017-02-15,3165.0,3199.0,3111.0,3147.1,170.0
2017-02-16,3147.1,3196.1,3122.0,3191.0,120.0
2017-02-17,3191.0,3300.0,3151.0,3300.0,120.0
2017-02-18,3300.0,3300.0,3185.3,3270.3,80.0
2017-02-19,3270.3,3300.0,3268.2,3276.0,20.0
2017-02-20,3276.0,3333.0,3275.0,3296.0,190.0
2017-02-21,3296.0,3500.0,3290.0,3470.0,220.0
2017-02-22,3470.0,3700.0,3377.1,3597.7,300.0
2017-02-23,3597.7,3699.0,3491.0,3650.0,170.0
2017-02-24,3650.0,4000.0,3581.0,3750.0,390.0
2017-02-25,3750.0,3750.0,3660.0,3696.0,80.0
2017-02-26,3696.0,3725.0,3663.0,3670.0,80.0
2017-02-27,3670.0,3790.0,3670.0,3788.0,90.0
2017-02-28,3788.0,3790.0,3736.0,3745.0,50.0
2017-03-01,3745.0,3854.0,3729.0,3800.0,210.0
2017-03-02,3800.0,3989.0,3760.0,3950.5,170.0
2017-03-03,3950.5,3990.0,3861.0,3978.5,200.0
2017-03-04,3978.5,3985.0,3880.0,3901.0,90.0
2017-03-05,3901.0,3948.1,3900.2,3908.0,40.0
2017-03-06,3908.0,3960.0,3908.0,3914.4,140.0
2017-03-07,3914.4,3930.0,3710.0,3853.0,370.0
2017-03-08,3853.0,3875.0,3500.0,3620.0,340.0
2017-03-09,3620.0,3809.5,3572.0,3798.0,190.0
2017-03-10,3798.0,3921.4,3500.0,3600.1,370.0
2017-03-11,3600.1,3800.0,3565.0,3789.0,80.0
2017-03-12,3789.0,3848.7,3751.0,3803.8,70.0
2017-03-13,3803.8,3899.0,3700.0,3861.6,190.0
2017-03-14,3861.6,3897.5,3791.0,3852.0,160.0
2017-03-15,3852.0,3975.4,3815.0,3963.9,240.0
2017-03-16,3963.9,3975.4,3841.0,3883.2,230.0
2017-03-17,3883.2,3939.4,3770.0,3810.0,300.0
2017-03-18,3810.0,3905.0,3260.0,3365.0,800.0
2017-03-19,3365.0,3680.0,3260.0,3649.2,110.0
2017-03-20,3649.2,3649.2,3400.0,3429.0,280.0
2017-03-21,3429.0,3702.0,3429.0,3670.0,330.0
2017-03-22,3670.0,3689.0,3500.0,3572.4,240.0
2017-03-23,3572.4,3625.0,3514.7,3551.0,130.0
2017-03-24,3551.0,3598.0,3364.0,3474.5,290.0
2017-03-25,3474.5,3500.0,3301.2,3450.0,130.0
2017-03-26,3450.0,3498.0,3421.8,3474.9,60.0
2017-03-27,3474.9,3597.0,3420.8,3568.2,160.0
2017-03-28,3568.2,3598.0,3501.1,3592.9,220.0
2017-03-29,3592.9,3597.0,3527.4,3579.6,140.0
2017-03-30,3579.6,3596.0,3485.0,3549.4,240.0
2017-03-31,3549.4,3588.0,3520.0,3585.5,170.0
2017-04-01,3585.5,3588.0,3546.2,3578.5,60.0
2017-04-02,3578.5,3589.0,3522.0,3588.0,80.0
2017-04-03,3588.0,3647.0,3500.0,3634.0,330.0
2017-04-04,3634.0,3674.1,3578.5,3648.0,220.0
2017-04-05,3648.0,3700.3,3605.1,3624.9,200.0
2017-04-06,3624.9,3717.0,3590.0,3715.0,210.0
2017-04-07,3715.0,3725.0,3655.0,3719.4,210.0
2017-04-08,3719.4,3720.0,3650.8,3660.0,90.0
2017-04-09,3660.0,3710.0,3620.0,3700.0,100.0
2017-04-10,3700.0,3744.0,3665.0,3722.3,220.0
2017-04-11,3722.3,3751.9,3682.2,3751.9,210.0
2017-04-12,3751.9,3850.0,3706.0,3806.0,270.0
2017-04-13,3806.0,3849.0,3720.0,3820.0,270.0
2017-04-14,3820.0,3848.0,3770.1,3770.1,80.0
2017-04-15,3770.1,3848.0,3750.0,3766.9,100.0
2017-04-16,3766.9,3800.0,3766.1,3767.0,30.0
2017-04-17,3767.0,3802.0,3700.0,3799.0,190.0
2017-04-18,3799.0,3899.0,3770.0,3898.9,250.0
2017-04-19,3898.9,3898.9,3802.1,3845.0,220.0
2017-04-20,3845.0,3990.0,3796.0,3960.0,350.0
2017-04-21,3960.0,3991.8,3890.9,3890.9,140.0
2017-04-22,3890.9,3910.0,3850.0,3850.0,150.0
2017-04-23,3850.0,3937.0,3850.0,3872.0,100.0
2017-04-24,3872.0,4099.0,3871.1,4035.1,280.0
2017-04-25,4035.1,4374.0,3977.7,4320.0,380.0
2017-04-26,4320.0,4477.8,4150.0,4394.0,380.0
2017-04-27,4394.0,4627.2,4369.8,4610.0,360.0
2017-04-28,4610.0,4612.9,4283.3,4497.0,490.0
2017-04-29,4497.0,4588.0,4401.0,4460.1,100.0
2017-04-30,4460.1,4544.0,4460.0,4537.2,40.0
2017-05-01,4537.2,4685.0,4480.1,4665.6,130.0
2017-05-02,4665.6,4911.0,4583.0,4876.0,330.0
2017-05-03,4876.0,5489.9,4830.8,5250.0,390.0
2017-05-04,5250.0,5859.0,4500.0,4985.0,940.0
2017-05-05,4985.0,5315.1,4860.3,5198.0,500.0
2017-05-06,5198.0,5300.0,4960.7,5211.0,270.0
2017-05-07,5211.0,5270.0,5100.0,5183.7,100.0
2017-05-08,5183.7,5500.0,5143.2,5460.0,510.0
2017-05-09,5460.0,5850.0,5409.0,5698.0,440.0
2017-05-10,5698.0,6150.0,5660.5,6000.0,440.0
2017-05-11,6000.0,6499.0,5951.1,6499.0,650.0
2017-05-12,6499.0,6600.0,6000.0,6499.0,600.0
2017-05-13,6499.0,6560.0,6204.0,6499.0,190.0
2017-05-14,6499.0,6589.1,6470.0,6491.0,80.0
2017-05-15,6491.0,6600.0,6309.9,6500.0,350.0
2017-05-16,6500.0,6650.0,6450.0,6618.0,310.0
2017-05-17,6618.0,6900.0,6465.0,6550.0,640.0
2017-05-18,6550.0,7350.0,6550.0,7197.0,670.0
2017-05-19,7197.0,7500.0,7111.3,7495.0,410.0
2017-05-20,7495.0,8000.0,7457.0,8000.0,300.0
2017-05-21,8000.0,8080.0,7925.0,8020.0,200.0
2017-05-22,8020.0,9497.8,8000.0,9100.0,770.0
2017-05-23,9100.0,9399.9,9053.0,9344.1,460.0
2017-05-24,9344.1,10600.0,9211.0,10255.0,740.0
2017-05-25,10255.0,14000.0,4200.0,10300.0,1420.0
2017-05-26,10300.0,11749.0,9501.0,10115.0,970.0
2017-05-27,10115.0,10200.0,8421.0,9221.0,810.0
2017-05-28,9221.0,10200.0,9221.0,9840.0,330.0
2017-05-29,9840.0,10000.0,9607.0,9920.0,410.0
2017-05-30,9920.0,10000.0,9703.0,9707.0,480.0
2017-05-31,9707.0,9830.0,9300.0,9480.0,560.0
2017-06-01,9480.0,9819.0,8950.0,9424.9,660.0
2017-06-02,9424.9,9599.9,8500.0,9000.0,620.0
2017-06-03,9000.0,9247.0,8989.0,9130.0,160.0
2017-06-04,9130.0,9247.0,8900.0,9025.5,160.0
2017-06-05,9025.5,9500.0,9025.5,9500.0,390.0
2017-06-06,9500.0,10130.0,9442.0,9942.0,600.0
2017-06-07,9942.0,10100.0,9805.0,9870.0,280.0
2017-06-08,9870.0,9938.0,9683.7,9800.1,330.0
2017-06-09,9800.1,9920.0,9774.0,9862.0,200.0
2017-06-10,9862.0,9999.0,9862.0,9978.5,120.0
2017-06-11,9978.5,10073.0,9940.0,10010.0,110.0
2017-06-12,10010.0,10100.0,9300.0,9849.0,450.0
2017-06-13,9849.0,9849.0,9600.0,9662.9,300.0
2017-06-14,9662.9,9780.0,9212.0,9488.0,390.0
2017-06-15,9488.0,9648.1,8050.0,8944.9,760.0
2017-06-16,8944.9,9120.0,8500.0,9062.1,310.0
2017-06-17,9062.1,9280.0,9002.0,9180.0,210.0
2017-06-18,9180.0,9230.0,8800.0,8860.0,140.0
2017-06-19,8860.0,9089.0,8800.0,8976.8,230.0
2017-06-20,8976.8,9495.0,8815.0,9302.0,350.0
2017-06-21,9302.0,9497.0,9200.0,9367.9,270.0
2017-06-22,9367.9,9380.0,9230.0,9300.0,170.0
2017-06-23,9300.0,9439.0,9230.0,9434.0,230.0
2017-06-24,9434.0,9450.0,9200.0,9220.0,120.0
2017-06-25,9220.0,9400.0,9000.0,9179.9,180.0
2017-06-26,9179.9,9300.0,8515.0,9147.3,530.0
2017-06-27,9147.3,9147.3,8625.0,9041.0,250.0
2017-06-28,9041.0,9199.0,8880.0,9000.0,230.0
2017-06-29,9000.0,9069.0,8881.0,8951.1,150.0
2017-06-30,8951.1,9050.0,8861.0,8934.9,190.0
2017-07-01,8934.9,8935.0,8815.9,8854.0,60.0
2017-07-02,8854.0,8892.0,8721.0,8890.0,80.0
2017-07-03,8890.0,9000.0,8701.0,8800.0,260.0
2017-07-04,8800.0,8899.0,8710.0,8828.4,250.0
2017-07-05,8828.4,8900.0,8716.0,8848.0,210.0
2017-07-06,8848.0,8848.0,8751.0,8800.0,130.0
2017-07-07,8800.0,8833.0,8650.0,8810.0,170.0
2017-07-08,8810.0,8810.0,8690.0,8782.0,70.0
2017-07-09,8782.0,8810.0,8671.0,8671.0,60.0
2017-07-10,8671.0,8700.0,8000.0,8158.3,330.0
2017-07-11,8158.3,8293.0,7555.5,7986.9,330.0
2017-07-12,7986.9,8450.0,7801.0,8300.0,290.0
2017-07-13,8300.0,8300.0,8056.4,8117.0,180.0
2017-07-14,8117.0,8190.1,7501.0,7574.8,310.0
2017-07-15,7574.8,7700.0,6102.0,6523.9,400.0
2017-07-16,6523.9,6708.0,5016.8,5351.0,490.0
2017-07-17,5351.0,7900.0,5300.0,7650.0,550.0
2017-07-18,7650.0,7900.0,7100.0,7705.0,410.0
2017-07-19,7705.0,7980.0,7566.1,7597.0,280.0
2017-07-20,7597.0,9100.0,7597.0,9000.0,590.0
2017-07-21,9000.0,9020.0,8400.0,8746.0,360.0
2017-07-22,8746.0,9000.0,8727.0,8880.0,180.0
2017-07-23,8880.0,8998.0,8700.0,8899.0,90.0
2017-07-24,8899.0,9100.0,8775.0,9068.0,190.0
2017-07-25,9068.0,9098.0,8227.0,8739.0,360.0
2017-07-26,8739.0,8800.0,8233.0,8407.0,240.0
2017-07-27,8407.0,8800.0,8351.0,8747.0,230.0
2017-07-28,8747.0,9000.0,8686.0,8919.0,280.0
2017-07-29,8919.0,8925.8,8560.0,8690.8,130.0
2017-07-30,8690.8,8702.8,8500.0,8683.2,90.0
2017-07-31,8683.2,9000.0,8470.1,8701.0,260.0
2017-08-01,8701.0,9050.0,8555.5,8997.0,150.0
2017-08-02,8997.0,9049.1,8853.0,8945.0,150.0
2017-08-03,8945.0,9500.0,8873.1,9184.0,260.0
2017-08-04,9184.0,9850.0,9119.1,9601.0,330.0
2017-08-05,9601.0,11000.0,9601.0,10600.0,550.0
2017-08-06,10600.0,10700.0,10099.0,10317.8,140.0
2017-08-07,10317.8,10897.0,10220.2,10850.0,340.0
2017-08-08,10850.0,11400.0,10730.0,11325.0,390.0
2017-08-09,11325.0,11349.0,10853.0,11159.0,360.0
2017-08-10,11159.0,11400.0,11094.3,11301.0,300.0
2017-08-11,11301.0,12995.0,11291.7,12680.0,530.0
2017-08-12,12680.0,12900.0,11800.0,12596.8,320.0
2017-08-13,12596.8,13200.0,12451.0,13190.0,300.0
2017-08-14,13190.0,14998.0,13017.0,14369.0,660.0
2017-08-15,14369.0,14784.0,11150.0,13770.0,910.0
2017-08-16,13770.0,14299.0,13300.0,13964.0,390.0
2017-08-17,13964.0,14499.0,13750.0,14270.0,390.0
2017-08-18,14270.0,14471.0,13900.0,14100.0,360.0
2017-08-19,14100.0,14269.0,13900.0,14000.0,190.0
2017-08-20,14000.0,14107.0,13935.0,14070.0,50.0
2017-08-21,14070.0,14070.0,13750.0,13890.0,290.0
2017-08-22,13890.0,14299.0,13000.0,13932.0,470.0
2017-08-23,13932.0,14500.0,13931.0,14130.0,320.0
2017-08-24,14130.0,14795.0,14070.0,14500.0,290.0
2017-08-25,14500.0,15000.0,14500.0,14840.3,350.0
2017-08-26,14840.3,14950.0,14651.0,14811.0,160.0
2017-08-27,14811.0,14949.0,14710.5,14908.0,120.0
2017-08-28,14908.0,15200.0,14758.0,15200.0,410.0
2017-08-29,15200.0,16685.0,15180.0,16381.0,630.0
2017-08-30,16477.0,17100.0,16300.0,16927.0,390.0
2017-08-31,16858.0,19500.0,16810.0,18000.0,730.0
2017-09-01,18000.0,18895.0,17703.0,18250.0,760.0
2017-09-02,18158.0,18600.0,16555.6,17395.0,690.0
2017-09-03,17395.0,18000.0,17300.0,17890.0,280.0
2017-09-04,17890.0,17900.0,14451.0,16980.0,1100.0
2017-09-05,17098.0,17200.0,15513.0,16649.0,670.0
2017-09-06,16649.0,17490.1,16595.7,16869.0,550.0
2017-09-07,16869.0,16970.0,16699.1,16870.0,210.0
2017-09-08,16870.0,16901.0,16020.0,16190.0,600.0
2017-09-09,16190.0,16700.0,16190.0,16409.0,170.0
2017-09-10,16409.0,16648.0,16011.1,16255.6,200.0
2017-09-11,16255.6,16400.0,15980.0,15980.0,480.0
2017-09-12,15980.0,16150.0,15000.0,15001.0,750.0
2017-09-13,15001.0,15290.0,12850.0,14199.5,1120.0
2017-09-14,14199.5,14199.5,11605.0,12000.0,1210.0
2017-09-15,12000.0,14500.0,11500.0,14190.0,1090.0
2017-09-16,14190.0,14390.0,13820.0,14145.0,270.0
2017-09-17,14145.0,14301.8,13800.0,14200.0,180.0
2017-09-18,14200.0,15999.0,14133.0,15350.0,690.0
2017-09-19,15350.0,15500.0,14139.9,14350.0,500.0
2017-09-20,14302.2,14486.0,14001.0,14030.0,330.0
2017-09-21,14000.0,14000.0,12900.0,13100.0,570.0
2017-09-22,13100.0,13500.0,12900.0,13170.0,340.0
2017-09-23,13170.0,14080.0,13065.0,13649.1,270.0
2017-09-24,13650.0,13650.0,13255.5,13401.0,100.0
2017-09-25,13401.0,14050.0,13300.0,13669.0,350.0
2017-09-26,13669.0,13790.0,13300.0,13300.0,250.0
2017-09-27,13300.0,13998.0,13300.0,13840.0,350.0
2017-09-28,13840.0,14048.3,13799.0,13996.0,250.0
2017-09-29,13996.0,14000.0,13712.0,13900.0,220.0
2017-09-30,13900.0,14249.5,13750.0,14249.5,110.0
2017-10-01,14250.0,14489.0,14110.0,14420.0,100.0
2017-10-02,14420.0,14900.0,14353.2,14605.0,370.0
2017-10-03,14680.0,14750.0,14280.9,14410.0,300.0
2017-10-04,14542.6,14580.0,14010.0,14270.0,270.0
2017-10-05,14270.0,14550.0,14065.0,14400.0,280.0
2017-10-06,14400.0,14600.0,14230.0,14452.0,280.0
2017-10-07,14452.0,14700.0,14422.1,14639.0,170.0
2017-10-08,14639.0,14985.0,14550.0,14950.0,180.0
2017-10-09,14950.0,15500.0,14650.0,15375.0,410.0
2017-10-10,15375.0,15700.0,15230.0,15415.0,360.0
2017-10-11,15415.0,15909.9,15300.0,15898.8,250.0
2017-10-12,15898.8,16890.0,15795.0,16850.0,380.0
2017-10-13,16850.0,17798.0,16730.0,17590.0,640.0
2017-10-14,17590.0,17770.0,17420.0,17649.0,300.0
2017-10-15,17649.0,17700.0,15400.0,17100.0,430.0
2017-10-16,17100.0,17450.0,16800.0,17440.0,280.0
2017-10-17,17440.0,17500.0,17000.0,17349.0,330.0
2017-10-18,17349.0,17400.0,16512.0,17100.0,450.0
2017-10-19,17100.0,17400.0,16900.0,17396.0,290.0
2017-10-20,17396.0,18500.0,17022.0,18140.0,590.0
2017-10-21,18106.0,19000.0,17950.0,18519.0,330.0
2017-10-22,18519.0,18847.0,18221.2,18541.0,160.0
2017-10-23,18680.9,19090.0,18421.0,19090.0,440.0
2017-10-24,19090.0,19100.0,17656.0,18001.0,460.0
2017-10-25,18498.0,18500.0,17659.0,18500.0,350.0
2017-10-26,18500.0,19060.0,18390.0,19030.0,340.0
2017-10-27,19025.0,19399.0,18900.0,19050.0,310.0
2017-10-28,19050.0,19323.9,19050.0,19267.9,110.0
2017-10-29,19267.9,19826.9,19100.0,19749.0,190.0
2017-10-30,19749.0,20499.0,19501.0,20220.0,390.0
2017-10-31,20220.0,21972.0,20206.0,21950.0,610.0
2017-11-01,21950.0,23899.0,21800.0,23400.0,710.0
2017-11-02,23400.0,24780.0,23300.0,23921.2,520.0
2017-11-03,23921.2,25980.0,23808.0,25419.0,590.0
2017-11-04,25179.0,25498.0,24685.1,25027.0,310.0
2017-11-05,25027.0,25700.0,25000.0,25520.0,190.0
2017-11-06,25520.0,25520.0,22500.0,23328.0,790.0
2017-11-07,23328.0,25155.9,23112.0,24152.0,510.0
2017-11-08,24329.0,25900.0,24110.2,25550.0,820.0
2017-11-09,25459.0,25700.0,25000.0,25150.0,300.0
2017-11-10,25200.0,25320.0,22500.0,23893.9,880.0
2017-11-11,23893.9,24249.0,22300.1,22695.9,630.0
2017-11-12,22695.9,23500.0,19500.0,21355.1,830.0
2017-11-13,21355.1,24500.0,21000.0,23730.0,790.0
2017-11-14,23730.0,24224.5,23500.0,23608.0,340.0
2017-11-15,23608.0,25100.0,23608.0,25040.0,460.0
2017-11-16,25040.0,26998.0,24800.1,26600.0,760.0
2017-11-17,26600.0,26940.0,26000.0,26789.9,420.0
2017-11-18,26789.9,26789.9,26150.0,26750.0,280.0
2017-11-19,26750.0,27600.0,26412.0,27500.0,270.0
2017-11-20,27400.0,29613.0,27202.0,29450.0,520.0
2017-11-21,29350.0,29600.0,28005.0,29050.0,600.0
2017-11-22,29050.0,29600.0,28850.0,29400.0,290.0
2017-11-23,29400.0,29450.0,29001.0,29101.0,350.0
2017-11-24,29140.0,29449.0,28399.0,29290.0,380.0
2017-11-25,29290.0,31500.0,29000.1,31201.0,500.0
2017-11-26,31220.0,34910.0,31150.0,33374.0,730.0
2017-11-27,33301.0,34965.0,33301.0,34650.0,470.0
2017-11-28,34650.0,38000.0,34348.6,37700.0,720.0
2017-11-29,37650.0,44979.0,33500.0,38992.0,2580.0
2017-11-30,38992.0,41000.0,36000.0,39248.0,1130.0
2017-12-01,39248.0,41000.1,37101.0,40680.0,780.0
2017-12-02,40680.0,41997.0,40600.0,41800.0,340.0
2017-12-03,41800.0,43113.4,41301.0,42596.0,590.0
2017-12-04,42300.0,42927.0,42000.0,42699.0,400.0
2017-12-05,42699.0,44000.0,42160.0,43888.0,530.0
2017-12-06,43888.0,49600.0,43501.1,49200.0,1230.0
2017-12-07,49312.0,57599.9,45900.0,56822.9,1990.0
2017-12-08,56700.0,58076.5,48550.0,55999.0,1420.0
2017-12-09,55990.0,56999.0,48500.0,51720.0,1030.0
2017-12-10,51720.0,53500.0,48280.0,51800.0,770.0
2017-12-11,52299.0,57654.0,51840.1,55301.2,980.0
2017-12-12,55600.0,56846.0,54500.0,56000.0,720.0
2017-12-13,56000.0,57000.0,55155.0,56342.0,470.0
2017-12-14,56792.0,58999.1,56200.0,58890.0,490.0
2017-12-15,58830.0,66500.0,58500.0,62601.1,1140.0
2017-12-16,62880.0,69500.0,62750.0,69190.0,520.0
2017-12-17,69100.0,69950.0,66650.0,69350.0,520.0
2017-12-18,69150.0,69899.0,66800.0,68710.0,590.0
2017-12-19,68900.0,69250.1,62001.0,67490.0,840.0
2017-12-20,67490.0,68250.0,62050.0,62601.0,1000.0
2017-12-21,62601.0,65400.0,50000.0,58790.0,960.0
2017-12-22,58788.0,59990.0,29899.2,49700.0,1980.0
2017-12-23,49000.0,58000.0,48102.0,54189.0,590.0
2017-12-24,53836.2,54999.0,47000.0,51510.0,600.0
2017-12-25,51510.0,53991.0,49400.0,51499.0,220.0
2017-12-26,51499.0,57000.0,50997.0,55600.0,560.0
2017-12-27,55600.0,57500.0,52010.0,54899.0,500.0
2017-12-28,54899.0,54900.0,45500.0,49999.9,730.0
2017-12-29,49999.9,52150.0,48250.0,50400.0,290.0
2017-12-30,50400.0,50500.0,45101.0,46500.0,440.0
2017-12-31,46499.9,49800.0,45601.0,48205.6,250.0
2018-01-01,48205.6,49181.9,47500.0,48850.0,110.0
2018-01-02,48800.0,51999.0,47402.0,51204.0,480.0
2018-01-03,51204.0,53999.0,50385.0,53149.0,350.0
2018-01-04,53149.0,53600.0,51000.0,52465.0,350.0
2018-01-05,52750.0,57000.0,52000.0,56900.0,520.0
2018-01-06,56900.0,57000.0,54500.0,56506.2,260.0
2018-01-07,56506.2,56798.0,54711.0,55099.9,160.0
2018-01-08,55099.9,55570.0,50011.0,50900.0,470.0
2018-01-09,50900.0,52900.0,49000.0,49397.0,330.0
2018-01-10,49397.0,50699.0,47000.0,50000.0,380.0
2018-01-11,50000.0,50200.0,40001.0,44499.0,540.0
2018-01-12,44400.0,47679.0,41000.0,45717.0,330.0
2018-01-13,45767.0,47450.0,45221.0,47239.9,140.0
2018-01-14,46890.0,47235.0,45100.0,46202.0,90.0
2018-01-15,46202.0,47450.3,45600.0,46148.0,170.0
2018-01-16,46148.0,46300.0,32301.2,38199.0,1140.0
2018-01-17,38199.0,40998.0,32000.1,38500.0,910.0
2018-01-18,38500.0,41890.0,36490.0,39000.0,550.0
2018-01-19,39000.0,40800.0,38001.0,39400.0,300.0
2018-01-20,39400.0,42000.0,38860.0,41616.0,190.0
2018-01-21,41616.0,41830.0,38250.0,38640.0,220.0
2018-01-22,38640.0,39640.0,34200.0,36350.0,420.0
2018-01-23,36350.0,37960.0,33600.0,36076.0,320.0
2018-01-24,36076.0,37790.0,35018.0,36950.0,170.0
2018-01-25,36950.0,37570.0,36400.0,36798.0,140.0
2018-01-26,36798.0,37200.0,35280.0,35897.9,200.0
2018-01-27,35897.9,37050.0,35600.0,36680.0,70.0
2018-01-28,36680.0,38090.0,36299.0,37070.0,100.0
2018-01-29,37070.0,37200.0,35800.0,36000.0,170.0
2018-01-30,36000.0,36200.0,32500.0,32999.9,320.0
2018-01-31,32999.9,33799.0,30129.0,31799.0,320.0
2018-02-01,31799.0,32300.0,27000.0,27694.0,670.0
2018-02-02,27694.0,32998.0,19000.0,28699.0,1120.0
2018-02-03,28699.0,32998.0,27750.0,30229.9,290.0
2018-02-04,30229.9,30465.0,26300.0,27300.0,220.0
2018-02-05,27300.0,28100.0,21550.0,22700.0,720.0
2018-02-06,22700.0,25499.0,20000.0,24950.0,910.0
2018-02-07,24950.0,28900.0,24151.0,24650.0,630.0
2018-02-08,24650.0,28500.0,24341.0,27500.0,350.0
2018-02-09,27500.0,29100.0,25600.0,28390.0,320.0
2018-02-10,28390.0,29550.0,27605.0,28490.0,220.0
2018-02-11,28490.0,28500.0,27200.0,27750.0,100.0
2018-02-12,27750.0,29100.0,27650.0,29000.0,130.0
2018-02-13,29000.0,29100.0,28320.0,28650.0,60.0
2018-02-14,28650.0,32000.3,28650.0,31700.0,380.0
2018-02-15,31700.0,34856.0,31400.0,33799.0,470.0
2018-02-16,33799.0,34094.0,29970.9,33750.0,190.0
2018-02-17,33750.0,37000.0,33280.0,37000.0,300.0
2018-02-18,37000.0,38043.0,35000.0,35699.0,340.0
2018-02-19,35699.0,37999.0,35000.0,37250.0,260.0
2018-02-20,37250.0,39500.0,37250.0,37788.0,380.0
2018-02-21,37788.0,38899.0,34202.0,35500.0,530.0
2018-02-22,35500.0,37200.0,32000.0,33355.6,350.0
2018-02-23,33355.6,35200.0,32000.0,34010.7,260.0
2018-02-24,34010.7,34899.0,32000.0,32350.0,120.0
2018-02-25,32350.0,33497.0,31511.0,32260.0,80.0
2018-02-26,32260.0,34500.0,31850.0,33996.9,210.0
2018-02-27,33996.9,35999.0,33500.0,35450.0,210.0
2018-02-28,35450.0,36100.0,34012.0,34500.0,180.0
2018-03-01,34500.0,36200.0,34450.0,35975.0,170.0
2018-03-02,35975.0,36500.0,35642.0,36201.2,150.0
2018-03-03,36201.2,37800.0,36201.2,37638.0,130.0
2018-03-04,37638.0,37679.0,36700.0,37301.0,70.0
2018-03-05,37301.0,38424.0,37117.0,38007.1,160.0
2018-03-06,38007.1,38100.0,35305.0,35500.0,290.0
2018-03-07,35500.0,36399.0,32102.0,33500.0,370.0
2018-03-08,33500.0,34500.0,30990.0,31200.0,270.0
2018-03-09,31200.0,32000.0,28650.0,31500.0,340.0
2018-03-10,31500.0,33289.0,29945.0,30334.0,160.0
2018-03-11,30334.0,32699.0,29050.1,30950.0,160.0
2018-03-12,30950.0,32500.0,29701.0,30840.0,190.0
2018-03-13,30840.0,31195.0,29751.0,30349.0,130.0
2018-03-14,30349.0,30699.1,25439.0,26630.0,450.0
2018-03-15,26630.0,27900.0,25000.0,26893.0,260.0
2018-03-16,26893.0,28999.0,26201.0,27352.0,200.0
2018-03-17,27352.0,27980.0,25890.9,26700.0,130.0
2018-03-18,26700.0,27600.0,24710.9,27350.0,230.0
2018-03-19,27350.0,29280.0,26046.0,28336.0,300.0
2018-03-20,28336.0,29980.0,27700.0,29609.0,210.0
2018-03-21,29609.0,30900.0,28601.0,29948.9,230.0
2018-03-22,29948.9,30499.0,28190.0,29198.9,150.0
2018-03-23,29198.9,29845.6,28100.0,29530.0,120.0
2018-03-24,29530.0,29845.0,29009.0,29299.8,60.0
2018-03-25,29299.8,29440.0,28888.5,28967.7,40.0
2018-03-26,28967.7,29300.0,26515.0,28100.0,280.0
2018-03-27,28100.0,28350.0,26900.0,27000.0,120.0
2018-03-28,27000.0,27600.0,26700.0,26850.0,90.0
2018-03-29,27000.0,27279.0,24400.0,24676.0,290.0
2018-03-30,24676.0,24890.0,23000.0,23700.0,190.0
2018-03-31,23700.0,25100.0,23539.6,24149.6,80.0
2018-04-01,24149.6,24480.0,23060.0,23400.2,80.0
2018-04-02,23400.2,24788.0,23400.2,24323.0,150.0
2018-04-03,24323.0,27599.0,24100.0,25549.0,370.0
2018-04-04,25549.0,25765.0,23112.0,23776.0,230.0
2018-04-05,23776.0,24368.0,22800.0,23240.0,220.0
2018-04-06,23240.0,23597.0,22550.0,22988.0,130.0
2018-04-07,22988.0,24161.6,22771.0,23582.9,90.0
2018-04-08,23582.9,24150.0,23568.6,23979.6,50.0
2018-04-09,23979.6,24502.3,23106.4,23474.9,130.0
2018-04-10,23474.9,23885.7,23164.7,23405.0,100.0
2018-04-11,23405.0,24299.0,23400.0,23900.0,100.0
2018-04-12,23900.0,27000.0,23600.0,26947.9,350.0
2018-04-13,26947.9,28301.0,26055.0,26850.0,300.0
2018-04-14,26850.0,27675.0,26800.0,27150.0,70.0
2018-04-15,27150.0,28490.0,27010.0,28200.0,100.0
2018-04-16,28200.0,28450.0,26900.0,27350.0,130.0
2018-04-17,27350.0,27980.0,27111.0,27470.0,100.0
2018-04-18,27470.0,27939.0,27216.0,27765.0,110.0
2018-04-19,27765.0,28400.0,27650.0,28178.9,120.0
2018-04-20,28178.9,30500.0,28002.1,30500.0,240.0
2018-04-21,30500.0,30500.0,29316.0,30090.0,120.0
2018-04-22,30090.0,30488.0,29900.0,30197.1,60.0
2018-04-23,30197.1,30890.0,29980.0,30797.0,130.0
2018-04-24,30797.0,34000.0,30754.0,33803.0,330.0
2018-04-25,33803.0,34000.0,30000.0,31497.0,400.0
2018-04-26,31497.0,33050.0,30800.0,32640.0,180.0
2018-04-27,32640.0,32992.2,31600.0,31700.0,110.0
2018-04-28,31700.0,32700.0,31650.0,32159.0,40.0
2018-04-29,32159.0,32900.0,32150.0,32599.0,40.0
2018-04-30,32599.0,32870.0,32204.0,32430.0,80.0
2018-05-01,32430.0,32650.0,31790.0,32020.2,60.0
2018-05-02,32020.2,32799.9,31800.9,32470.0,100.0
2018-05-03,32470.0,34499.0,32300.0,34119.0,220.0
2018-05-04,34119.0,34400.0,33650.0,34200.1,130.0
2018-05-05,34200.1,35300.0,34009.0,34518.2,140.0
2018-05-06,34795.0,34928.0,33555.0,34200.0,70.0
2018-05-07,34200.0,34250.0,33100.0,33950.0,120.0
2018-05-08,33950.0,34140.0,33107.0,33605.0,130.0
2018-05-09,33600.2,34150.0,33080.0,33810.0,110.0
2018-05-10,33810.0,34100.0,33000.0,33000.0,150.0
2018-05-11,33090.0,33677.0,31000.0,31329.0,300.0
2018-05-12,31329.0,32500.0,30998.2,31790.0,80.0
2018-05-13,31790.0,32948.0,31520.0,32690.0,40.0
2018-05-14,32530.0,32900.0,31420.0,32295.0,120.0
2018-05-15,32295.0,32900.0,31850.0,32234.5,130.0
2018-05-16,32000.0,32388.9,31051.0,31399.0,110.0
2018-05-17,31399.0,31500.0,30310.0,30688.0,70.0
2018-05-18,30688.0,31500.0,30000.0,31500.0,80.0
2018-05-19,31405.0,31989.0,31009.0,31605.0,30.0
2018-05-20,31605.0,32499.0,31469.7,32140.0,40.0
2018-05-21,32140.0,32348.0,31102.0,31472.1,60.0
2018-05-22,31473.0,31500.0,29400.0,29800.0,100.0
2018-05-23,29825.0,30289.0,27501.0,28021.0,190.0
2018-05-24,28021.0,28940.0,27228.0,28650.0,130.0
2018-05-25,28650.0,28710.0,27751.0,28150.0,70.0
2018-05-26,28150.0,28395.0,27435.0,27789.6,20.0
2018-05-27,27789.6,27990.0,27260.0,27350.1,30.0
2018-05-28,27350.1,27805.0,27000.0,27000.0,50.0
2018-05-29,27040.0,28776.2,26307.0,28400.0,100.0
2018-05-30,28400.0,29000.0,27700.0,28018.0,80.0
2018-05-31,28018.0,28599.0,27780.0,28249.0,50.0
2018-06-01,28249.0,28650.0,28015.0,28383.0,60.0
2018-06-02,28383.0,29278.0,28315.0,28850.0,40.0
2018-06-03,28850.0,29387.0,28808.0,29080.0,30.0
2018-06-04,29080.0,29322.7,28301.0,28750.0,80.0
2018-06-05,28750.0,29301.0,28215.0,29000.0,90.0
2018-06-06,29090.0,29700.0,28920.0,29590.0,80.0
2018-06-07,29590.0,30400.0,29365.0,29970.0,120.0
2018-06-08,30000.0,30304.0,29151.0,29160.0,110.0
2018-06-09,29250.0,29999.0,29051.1,29056.0,50.0
2018-06-10,29056.0,29469.0,26440.0,26451.0,140.0
2018-06-11,26451.0,27798.0,26000.0,26601.0,200.0
2018-06-12,26601.0,26990.0,25005.0,25349.0,170.0
2018-06-13,25349.0,25350.0,23651.3,24070.0,200.0
2018-06-14,24070.0,26660.0,24000.1,26475.6,170.0
2018-06-15,26475.6,26475.6,25100.0,25140.0,90.0
2018-06-16,25140.0,25800.0,25115.0,25596.0,40.0
2018-06-17,25596.0,25649.0,25302.0,25590.0,10.0
2018-06-18,25590.0,26499.0,25000.0,26207.1,110.0
2018-06-19,26207.1,26450.0,26000.0,26200.0,80.0
2018-06-20,26200.0,26420.0,25577.0,26000.0,70.0
2018-06-21,26000.0,26211.0,25700.0,25803.0,70.0
2018-06-22,25803.0,26155.0,23100.0,23690.0,190.0
2018-06-23,23690.0,24600.0,23505.1,24399.3,50.0
2018-06-24,24399.3,24399.3,22780.3,23650.1,60.0
2018-06-25,23650.1,24500.0,23450.0,24132.8,70.0
2018-06-26,24132.8,26499.0,23507.0,24000.0,130.0
2018-06-27,24000.0,24150.0,23589.2,24030.0,90.0
2018-06-28,24030.0,24199.0,22647.0,23129.4,90.0
2018-06-29,23129.4,24251.1,22802.0,24043.4,100.0
2018-06-30,24043.4,25000.0,24040.0,24849.0,70.0
2018-07-01,24849.0,24900.0,24365.0,24800.0,40.0
2018-07-02,24800.0,26389.0,24500.0,25800.3,150.0
2018-07-03,25720.1,26190.0,25480.0,25700.0,80.0
2018-07-04,25586.0,26453.0,25000.0,26000.0,150.0
2018-07-05,26000.0,26180.0,25520.0,25938.0,90.0
2018-07-06,25938.0,26120.0,25701.0,25900.0,70.0
2018-07-07,25900.0,26297.8,25732.0,26250.0,40.0
2018-07-08,26250.0,26280.0,25900.0,26000.0,20.0
2018-07-09,26000.0,26500.0,25900.0,26146.0,90.0
2018-07-10,26145.0,26300.0,24717.3,25000.0,150.0
2018-07-11,25098.0,25494.3,24730.1,25200.0,100.0
2018-07-12,25200.0,25281.0,23801.0,24398.1,150.0
2018-07-13,24398.1,24600.0,24251.0,24356.0,90.0
2018-07-14,24356.0,24599.8,24305.0,24370.0,20.0
2018-07-15,24370.0,25000.0,24366.0,24780.3,30.0
2018-07-16,24780.3,26000.0,24550.0,25871.0,140.0
2018-07-17,25871.0,28497.0,25601.0,27949.0,310.0
2018-07-18,27949.0,29323.0,27500.0,28306.0,260.0
2018-07-19,28306.0,29200.0,28000.0,28813.1,110.0
2018-07-20,28813.1,29138.0,28268.0,28572.8,120.0
2018-07-21,28572.8,28798.0,28001.0,28597.5,40.0
2018-07-22,28551.0,28900.0,28471.1,28639.0,30.0
2018-07-23,28639.0,29842.0,28303.9,29625.0,160.0
2018-07-24,29698.0,31900.0,29600.0,31900.0,270.0
2018-07-25,31900.0,31989.0,30100.0,30793.0,200.0
2018-07-26,30793.0,31300.0,29149.0,29854.0,180.0
2018-07-27,29854.0,31150.0,29200.0,30510.0,150.0
2018-07-28,30510.0,30900.0,30510.0,30869.0,30.0
2018-07-29,30869.0,30999.0,30521.0,30720.0,20.0
2018-07-30,30720.0,31000.0,30000.0,30625.3,110.0
2018-07-31,30625.3,30910.0,29200.0,29490.1,150.0
2018-08-01,29490.1,29560.0,28609.7,28904.1,130.0
2018-08-02,28904.1,29780.0,28600.0,29006.0,90.0
2018-08-03,29006.0,29021.0,28053.0,28588.9,130.0
2018-08-04,28588.9,28800.0,26838.0,27060.0,100.0
2018-08-05,27060.0,27600.0,26875.1,27369.0,40.0
2018-08-06,27369.0,28000.0,26200.0,26770.0,140.0
2018-08-07,26770.0,27300.0,25612.0,26140.0,180.0
2018-08-08,26140.0,26140.0,24100.0,25400.0,330.0
2018-08-09,25400.0,25988.0,24500.0,25600.0,190.0
2018-08-10,25600.0,26090.0,24500.0,24819.0,160.0
2018-08-11,24800.0,25500.0,24450.0,25068.0,40.0
2018-08-12,25068.0,25400.0,24900.0,25160.0,20.0
2018-08-13,25160.0,25793.0,24660.0,24930.0,90.0
2018-08-14,24930.0,25600.0,23999.0,24598.0,260.0
2018-08-15,24598.0,25998.0,24432.0,25200.0,180.0
2018-08-16,25200.0,25600.0,24718.0,25436.0,100.0
2018-08-17,25436.0,25990.0,25195.9,25861.0,90.0
2018-08-18,25861.0,26000.0,25451.0,25780.0,40.0
2018-08-19,25780.0,25899.0,25561.0,25898.9,20.0
2018-08-20,25898.9,25950.0,25507.0,25677.8,90.0
2018-08-21,25510.0,26100.0,25510.0,26096.0,80.0
2018-08-22,26096.0,27500.0,25569.0,25592.3,180.0
2018-08-23,25592.3,26782.7,25550.0,26350.0,80.0
2018-08-24,26351.0,27275.0,26275.0,27016.0,110.0
2018-08-25,27016.0,27456.6,26903.4,27100.0,50.0
2018-08-26,27100.0,27200.0,26600.0,26829.0,30.0
2018-08-27,26829.0,27750.0,26645.0,27698.9,120.0
2018-08-28,27698.9,29235.0,27530.0,28940.0,230.0
2018-08-29,28713.0,29500.0,28218.0,29066.9,180.0
2018-08-30,29066.9,29100.0,28234.0,28815.0,120.0
2018-08-31,28815.0,29399.0,28549.0,29040.0,120.0
2018-09-01,29040.0,29348.0,28780.5,29101.0,60.0
2018-09-02,29101.0,29299.5,28900.0,29199.0,30.0
2018-09-03,29199.0,30540.0,28800.0,30060.0,240.0
2018-09-04,30060.0,31020.0,29900.1,30698.0,200.0
2018-09-05,30799.0,30998.0,28300.0,28300.0,250.0
2018-09-06,28400.0,29000.0,26850.0,27775.0,250.0
2018-09-07,27775.0,27910.0,27101.0,27222.1,60.0
2018-09-08,27222.1,27380.0,26500.0,26531.0,60.0
2018-09-09,26531.0,27600.0,26309.0,26930.0,60.0
2018-09-10,26930.0,27470.0,26002.0,26645.0,130.0
2018-09-11,26645.0,26850.0,26243.0,26615.0,100.0
2018-09-12,26615.0,26996.1,26252.0,26824.0,140.0
2018-09-13,26814.0,27899.0,26814.0,27492.6,150.0
2018-09-14,27488.1,27800.0,27361.0,27650.0,70.0
2018-09-15,27650.0,27700.0,27402.0,27430.0,30.0
2018-09-16,27430.0,27597.0,27100.0,27259.0,20.0
2018-09-17,27259.0,27489.0,26350.0,26490.0,140.0
2018-09-18,26570.0,27290.0,26300.0,27000.0,120.0
2018-09-19,27000.0,27100.0,26000.0,26752.0,170.0
2018-09-20,26750.0,27051.0,26524.0,26901.0,90.0
2018-09-21,26901.0,27700.0,26770.0,27320.0,150.0
2018-09-22,27320.0,27650.0,27000.0,27229.4,30.0
2018-09-23,27229.4,27349.0,27052.5,27338.1,10.0
2018-09-24,27338.1,27683.0,26851.0,27545.0,100.0
2018-09-25,27545.0,27545.0,26500.0,26706.0,170.0
2018-09-26,26706.0,27200.0,26612.3,26760.0,110.0
2018-09-27,26760.0,27196.0,26545.0,26950.0,110.0
2018-09-28,27090.0,27294.0,26700.0,26951.0,100.0
2018-09-29,26951.0,27100.0,26701.2,26820.0,20.0
2018-09-30,26820.0,26999.9,26712.0,26730.1,20.0
2018-10-01,26730.1,27100.0,26688.1,27054.0,110.0
2018-10-02,27054.0,27100.0,26066.0,26548.0,170.0
2018-10-03,26352.0,26548.0,25262.2,25808.0,200.0
2018-10-04,25808.0,26400.0,25612.0,25883.1,100.0
2018-10-05,25883.1,26300.0,25711.1,26060.2,100.0
2018-10-06,26060.2,26260.0,25850.0,25870.0,20.0
2018-10-07,25870.0,26300.0,25540.0,25695.0,30.0
2018-10-08,25695.0,25940.0,25200.0,25680.0,160.0
2018-10-09,25680.0,25881.1,25000.0,25231.5,140.0
2018-10-10,25231.5,25600.0,24900.0,25280.0,150.0
2018-10-11,25141.0,25280.0,23623.3,23815.0,330.0
2018-10-12,23815.0,24190.0,23710.0,24062.8,50.0
2018-10-13,24062.8,24124.0,23700.0,24090.0,20.0
2018-10-14,24090.0,24095.0,23536.9,24068.9,40.0
2018-10-15,23862.0,25495.0,23803.5,24498.0,190.0
2018-10-16,24498.0,24600.0,24100.0,24320.2,100.0
2018-10-17,24400.0,24549.0,24101.0,24299.0,90.0
2018-10-18,24299.0,24499.0,24125.0,24457.6,80.0
2018-10-19,24457.6,24480.0,23820.0,24189.0,80.0
2018-10-20,24189.0,24289.0,24000.0,24091.0,20.0
2018-10-21,24091.0,24288.7,24060.0,24100.0,10.0
2018-10-22,24195.0,24398.0,23900.0,23908.2,130.0
2018-10-23,23908.2,24300.0,23650.0,24046.0,90.0
2018-10-24,24045.5,24400.0,23500.0,24225.0,120.0
2018-10-25,24225.0,24396.0,23903.0,24002.5,70.0
2018-10-26,24003.0,24274.0,23700.0,23800.2,70.0
2018-10-27,23800.2,23999.0,23601.0,23608.0,20.0
2018-10-28,23610.0,23757.8,23213.2,23213.2,20.0
2018-10-29,23213.2,23650.0,22200.0,23494.8,170.0
2018-10-30,23400.0,23690.0,23000.0,23450.0,80.0
2018-10-31,23450.0,24000.0,23270.5,23800.0,100.0
2018-11-01,23800.0,24000.0,22200.0,23963.0,110.0
2018-11-02,23963.0,23964.9,23345.9,23750.0,20.0
2018-11-03,23750.0,23750.0,23352.0,23400.0,20.0
2018-11-04,23400.0,23790.0,23090.0,23598.0,40.0
2018-11-05,23599.0,24229.3,23301.0,24150.0,170.0
2018-11-06,24150.0,24500.0,23600.0,24202.0,140.0
2018-11-07,24295.0,24884.0,24202.0,24740.0,120.0
2018-11-08,24651.0,24800.0,24200.0,24451.0,100.0
2018-11-09,24450.0,24450.0,24000.0,24190.1,80.0
2018-11-10,24190.1,24300.0,24000.0,24282.0,20.0
2018-11-11,24282.0,24299.0,24005.0,24130.0,20.0
2018-11-12,24130.0,24310.0,24000.0,24050.0,80.0
2018-11-13,24050.0,24446.0,23956.2,24298.0,80.0
2018-11-14,24298.0,24300.0,21500.0,21999.0,270.0
2018-11-15,21999.0,22297.0,20178.7,21100.0,120.0
2018-11-16,21100.0,22300.0,20450.0,21050.0,150.0
2018-11-17,21050.0,21400.0,20801.0,21129.2,40.0
2018-11-18,21129.2,21297.0,20954.0,21069.5,30.0
2018-11-19,21069.5,21150.0,17803.0,18105.0,290.0
2018-11-20,18248.5,19000.0,15550.0,15790.0,380.0
2018-11-21,15790.0,18300.0,15207.0,17750.0,280.0
2018-11-22,17770.0,18198.0,17000.0,17200.0,270.0
2018-11-23,17000.0,17697.0,16470.0,16750.0,240.0
2018-11-24,16750.0,16921.0,14202.0,14912.0,240.0
2018-11-25,14902.0,16000.0,13900.0,15071.3,210.0
2018-11-26,15071.3,15799.0,14200.0,14800.0,290.0
2018-11-27,14800.0,15100.0,14329.0,14830.0,220.0
2018-11-28,14825.0,17000.0,14825.0,16669.5,340.0
2018-11-29,16669.5,17486.0,16066.0,16700.0,260.0
2018-11-30,16700.0,16700.0,15027.0,15600.0,210.0
2018-12-01,15600.0,16700.0,15385.0,16127.1,100.0
2018-12-02,16127.1,16499.0,15800.0,16149.3,60.0
2018-12-03,16149.3,16200.0,14850.0,14978.0,260.0
2018-12-04,14978.0,15499.0,14701.0,15076.3,190.0
2018-12-05,15076.3,15497.0,14512.0,14622.0,190.0
2018-12-06,14535.0,14920.0,13900.0,13901.0,230.0
2018-12-07,13901.0,14050.0,12544.0,13315.3,370.0
2018-12-08,13315.3,13501.0,13000.8,13341.0,70.0
2018-12-09,13341.0,14100.0,13151.0,13761.0,70.0
2018-12-10,13761.0,14195.0,13407.0,13532.0,270.0
2018-12-11,13532.0,13822.0,13117.1,13487.6,200.0
2018-12-12,13487.6,13632.0,13262.0,13402.0,180.0
2018-12-13,13402.0,13684.0,12909.0,13100.0,210.0
2018-12-14,13021.0,13160.0,12600.0,12700.0,210.0
2018-12-15,12651.0,12860.0,12501.0,12687.9,60.0
2018-12-16,12687.9,12797.5,12511.1,12602.5,40.0
2018-12-17,12602.5,13995.0,12501.0,13740.7,310.0
2018-12-18,13740.7,15000.0,13460.0,14669.0,230.0
2018-12-19,14669.0,16000.0,14340.0,14800.0,480.0
2018-12-20,14800.0,16445.0,14540.0,15805.0,410.0
2018-12-21,15805.0,16788.0,15000.0,15550.2,380.0
2018-12-22,15550.2,15800.0,15080.0,15600.1,90.0
2018-12-23,15689.2,15990.0,15455.0,15643.0,80.0
2018-12-24,15700.0,16966.5,15550.0,16066.0,210.0
2018-12-25,16066.0,17000.0,15000.0,15536.5,170.0
2018-12-26,15536.5,15800.0,14802.0,15337.8,210.0
2018-12-27,15337.8,15888.0,14305.0,14450.0,300.0
2018-12-28,14479.0,15650.0,14301.0,15433.0,260.0
2018-12-29,15400.0,15950.0,15020.0,15114.0,90.0
2018-12-30,15114.0,15400.0,15000.0,15394.5,30.0
2018-12-31,15394.5,15394.5,14760.0,14882.0,100.0
2019-01-01,14884.0,15200.0,14790.0,15200.0,30.0
2019-01-02,15201.0,15359.9,14900.0,15108.1,200.0
2019-01-03,15108.0,15387.0,14485.0,14750.0,320.0
2019-01-04,14750.0,15197.0,14250.0,14718.7,230.0
2019-01-05,14718.7,15188.0,14554.0,14615.4,60.0
2019-01-06,14615.4,15230.0,14499.0,15081.0,80.0
2019-01-07,15081.0,15300.0,14900.0,15200.0,140.0
2019-01-08,15112.0,15499.0,15021.1,15169.7,230.0
2019-01-09,15169.7,15447.6,14930.0,15214.8,260.0
2019-01-10,15214.8,15343.0,13500.0,13811.0,360.0
2019-01-11,13811.0,14394.0,13700.0,13932.9,300.0
2019-01-12,13932.9,14299.9,13760.4,13890.0,70.0
2019-01-13,13890.0,13980.0,13221.8,13495.0,80.0
2019-01-14,13495.0,14566.0,13256.0,14170.0,260.0
2019-01-15,14170.0,14566.0,13590.0,13645.0,350.0
2019-01-16,13617.2,14369.0,13616.5,13696.0,240.0
2019-01-17,13696.0,14100.0,13502.0,13766.5,210.0
2019-01-18,13766.5,14085.0,13625.3,13801.0,210.0
2019-01-19,13801.0,14100.0,13772.0,14000.0,60.0
2019-01-20,14050.0,14079.0,13531.5,13572.0,80.0
2019-01-21,13669.3,13739.2,13500.0,13600.0,90.0
2019-01-22,13645.0,13948.0,13506.0,13848.0,220.0
2019-01-23,13782.9,13950.0,13522.0,13588.3,160.0
2019-01-24,13588.3,13760.0,13501.0,13656.6,140.0
2019-01-25,13656.6,13728.0,13500.0,13528.1,170.0
2019-01-26,13528.1,13699.0,13528.1,13543.0,20.0
2019-01-27,13588.0,13600.0,13305.7,13415.0,50.0
2019-01-28,13415.0,13495.5,12901.0,13100.0,200.0
2019-01-29,13100.0,13199.3,12737.0,12838.0,250.0
2019-01-30,12838.0,13150.0,12705.0,12955.0,190.0
2019-01-31,12955.0,12955.0,12500.3,12747.2,250.0
2019-02-01,12747.2,12837.0,12502.0,12650.0,190.0
2019-02-02,12650.0,12770.0,12600.0,12700.0,40.0
2019-02-03,12705.0,12725.5,12510.0,12570.0,30.0
2019-02-04,12570.0,12750.0,12460.3,12579.0,200.0
2019-02-05,12579.0,13000.0,12510.5,12710.0,330.0
2019-02-06,12710.0,12830.0,12550.0,12660.1,250.0
2019-02-07,12660.1,12769.0,12580.0,12695.0,160.0
2019-02-08,12695.0,13945.0,12600.0,13400.0,380.0
2019-02-09,13400.0,13539.4,13311.0,13400.0,70.0
2019-02-10,13333.3,13577.0,13300.0,13410.3,50.0
2019-02-11,13410.3,13900.0,13321.0,13770.9,260.0
2019-02-12,13770.9,13900.0,13500.0,13570.0,290.0
2019-02-13,13530.0,13900.0,13490.0,13650.0,310.0
2019-02-14,13650.0,13797.9,13450.0,13450.0,270.0
2019-02-15,13450.0,13643.0,13320.0,13437.0,220.0
2019-02-16,13437.0,13695.0,13419.0,13605.1,60.0
2019-02-17,13680.0,13680.0,13471.9,13567.6,40.0
2019-02-18,13567.6,14949.0,13490.0,14560.7,420.0
2019-02-19,14560.7,14924.9,14422.0,14630.1,290.0
2019-02-20,14630.1,15100.0,14552.0,14950.0,330.0
2019-02-21,14950.0,15100.0,14800.0,14875.0,270.0
2019-02-22,14875.0,15094.0,14861.5,15000.0,200.0
2019-02-23,15000.0,15497.0,14860.7,15387.5,110.0
2019-02-24,15387.5,15497.0,14300.0,14475.0,120.0
2019-02-25,14475.0,14789.0,14265.0,14572.0,250.0
2019-02-26,14572.0,14746.0,14342.0,14557.0,270.0
2019-02-27,14557.0,14600.0,14101.0,14429.0,240.0
2019-02-28,14400.0,14810.0,14306.0,14415.3,240.0
2019-03-01,14415.3,15000.0,14385.0,14706.0,280.0
2019-03-02,14706.0,14846.9,14612.0,14700.0,50.0
2019-03-03,14647.0,14800.0,14560.0,14697.1,20.0
2019-03-04,14697.1,14697.6,14250.0,14250.0,70.0
2019-03-05,14250.0,14600.0,14200.0,14480.8,70.0
2019-03-06,14480.8,15000.0,14400.0,14780.0,220.0
2019-03-07,14850.0,15300.0,14730.0,15234.5,260.0
2019-03-08,15234.5,15450.0,14990.8,15107.8,380.0
2019-03-09,15107.8,15400.0,15103.0,15400.0,70.0
2019-03-10,15400.0,15400.0,15180.6,15289.0,30.0
2019-03-11,15289.0,15329.6,13800.0,15020.0,310.0
2019-03-12,15020.0,15310.0,14800.0,14997.9,320.0
2019-03-13,14997.9,15100.0,14837.0,15050.0,230.0
2019-03-14,15050.0,15150.0,14780.1,15050.0,250.0
2019-03-15,15050.0,15243.0,14985.0,15196.0,270.0
2019-03-16,15200.0,15350.0,15101.0,15280.0,80.0
2019-03-17,15290.0,15290.0,15050.0,15197.9,50.0
2019-03-18,15197.9,15447.0,15060.0,15289.0,310.0
2019-03-19,15380.0,15510.0,15210.0,15499.0,390.0
2019-03-20,15499.0,15500.0,15295.0,15500.0,290.0
2019-03-21,15500.0,15600.0,15340.0,15431.0,280.0
2019-03-22,15431.0,15980.0,15410.2,15945.0,250.0
2019-03-23,15945.0,16286.0,15851.0,16030.0,140.0
2019-03-24,16030.0,16050.0,15903.9,15930.0,20.0
2019-03-25,15916.0,16050.0,15222.0,15459.0,430.0
2019-03-26,15459.0,15600.0,15200.0,15579.0,270.0
2019-03-27,15579.0,16250.0,15452.4,16054.0,340.0
2019-03-28,16090.0,16199.0,15782.0,15880.0,360.0
2019-03-29,15986.0,16479.9,15876.0,16350.0,350.0
2019-03-30,16350.0,16499.0,16230.0,16499.0,110.0
2019-03-31,16499.0,16649.0,16370.0,16493.9,80.0
2019-04-01,16450.0,16580.0,16182.0,16480.0,490.0
2019-04-02,16480.0,19399.0,16380.0,19100.1,750.0
2019-04-03,19100.1,20999.9,18001.0,19740.0,910.0
2019-04-04,19740.0,19950.0,18765.4,19199.0,510.0
2019-04-05,19199.0,19900.0,19009.0,19899.9,350.0
2019-04-06,19899.9,20350.0,19657.0,19911.4,190.0
2019-04-07,19911.4,20361.7,19804.9,20202.0,100.0
2019-04-08,20202.0,20860.0,20050.0,20698.5,420.0
2019-04-09,20698.5,20899.0,20351.0,20498.0,480.0
2019-04-10,20401.0,21100.0,20370.9,20899.0,450.0
2019-04-11,20899.0,20900.0,19501.0,19833.0,570.0
2019-04-12,19938.9,20500.0,19500.0,20200.7,360.0
2019-04-13,20200.7,20449.0,20015.0,20067.1,70.0
2019-04-14,20067.1,20260.0,19926.1,20259.0,40.0
2019-04-15,20249.9,20400.0,19600.9,19922.0,380.0
2019-04-16,19922.0,20550.0,19800.0,20546.9,350.0
2019-04-17,20546.9,20957.5,20253.7,20957.5,400.0
2019-04-18,20957.5,21350.0,20753.0,21123.0,360.0
2019-04-19,21123.0,21260.0,20871.0,21015.1,110.0
2019-04-20,21015.1,21279.7,21015.1,21248.0,50.0
2019-04-21,21248.0,21278.0,21020.0,21086.0,70.0
2019-04-22,21195.0,21989.0,21080.0,21750.9,460.0
2019-04-23,21750.9,22675.9,21490.0,22258.0,550.0
2019-04-24,22258.0,22570.0,21789.4,22215.0,540.0
2019-04-25,22115.0,22300.0,21001.1,21400.0,470.0
2019-04-26,21489.9,21799.0,20200.0,20810.2,590.0
2019-04-27,20810.2,21799.0,20614.1,21253.0,240.0
2019-04-28,21353.3,21534.8,20900.0,21081.9,80.0
2019-04-29,21081.9,21500.0,20459.1,20946.7,450.0
2019-04-30,20946.7,21497.0,20675.0,21090.0,460.0
2019-05-01,21090.0,21398.0,21090.0,21169.0,110.0
2019-05-02,21169.0,21998.0,21100.1,21900.0,470.0
2019-05-03,21900.0,23150.0,21670.0,22898.6,780.0
2019-05-04,22898.6,23190.0,22401.0,23100.0,180.0
2019-05-05,23100.0,23170.3,22850.0,22930.0,80.0
2019-05-06,22930.0,23125.0,22650.0,23020.0,360.0
2019-05-07,23020.0,24000.0,22885.0,23700.0,550.0
2019-05-08,23690.0,23848.0,23300.0,23800.0,420.0
2019-05-09,23800.0,24900.0,23700.1,24800.0,420.0
2019-05-10,24800.0,25954.0,24700.0,25680.0,670.0
2019-05-11,25680.0,29323.7,25510.0,29020.0,420.0
2019-05-12,29098.9,29098.9,25100.0,26310.1,440.0
2019-05-13,26310.1,33300.0,26180.9,31799.9,1230.0
2019-05-14,31799.9,33298.0,30200.0,32298.0,990.0
2019-05-15,32290.0,33295.0,31907.0,32950.0,610.0
2019-05-16,32950.0,33390.0,31750.0,32300.0,580.0
2019-05-17,32300.0,32400.0,27508.0,30800.0,980.0
2019-05-18,30800.0,31000.0,30017.0,30240.0,130.0
2019-05-19,30240.0,32700.0,30240.0,32470.0,340.0
2019-05-20,32470.0,33010.0,31550.0,32690.0,530.0
2019-05-21,32690.0,32999.0,32250.0,32770.0,360.0
2019-05-22,32770.0,32900.0,31500.0,31721.0,460.0
2019-05-23,31721.0,32399.0,31050.0,32099.0,340.0
2019-05-24,32099.0,32849.0,31750.0,32323.0,360.0
2019-05-25,32450.0,32665.0,32320.0,32499.0,70.0
2019-05-26,32598.0,34000.0,32200.0,33755.0,350.0
2019-05-27,33755.0,35950.0,33755.0,35533.0,610.0
2019-05-28,35533.0,35700.0,35000.0,35600.0,380.0
2019-05-29,35480.1,35600.0,34900.0,34980.0,390.0
2019-05-30,34980.0,35800.0,32803.0,33962.0,680.0
2019-05-31,33962.0,34788.0,33200.0,34742.5,460.0
2019-06-01,34742.5,34742.5,34200.0,34489.1,70.0
2019-06-02,34489.1,34850.0,34201.0,34647.0,70.0
2019-06-03,34647.0,34772.0,32101.0,32945.0,510.0
2019-06-04,32945.0,32950.0,29501.0,30060.3,920.0
2019-06-05,30060.3,31989.0,30000.0,31185.0,600.0
2019-06-06,31185.0,31197.5,29500.0,30551.0,380.0
2019-06-07,30551.0,31999.0,30399.0,31682.5,390.0
2019-06-08,31682.5,31890.1,31000.0,31498.5,110.0
2019-06-09,31498.5,31498.5,30003.0,30306.2,120.0
2019-06-10,30306.2,31600.0,30286.6,31314.1,320.0
2019-06-11,31314.1,31539.4,30300.0,31148.0,360.0
2019-06-12,31148.0,31998.0,30730.0,31802.0,400.0
2019-06-13,31802.0,32897.0,31454.0,32230.0,510.0
2019-06-14,32220.0,33990.0,31900.0,33729.0,440.0
2019-06-15,33729.0,34100.0,33450.0,33950.0,160.0
2019-06-16,33950.0,35399.0,33400.0,34285.0,280.0
2019-06-17,34295.0,36000.0,34018.4,35878.6,690.0
2019-06-18,35878.6,35995.0,34902.0,35228.0,420.0
2019-06-19,35228.0,35850.0,35200.0,35800.1,310.0
2019-06-20,35800.0,36799.0,35600.0,36686.0,210.0
2019-06-21,36686.0,39500.0,36500.0,39500.0,610.0
2019-06-22,39499.9,42950.0,38000.0,40123.3,950.0
2019-06-23,40123.3,41500.0,40000.0,40750.0,220.0
2019-06-24,40748.0,42699.3,40275.0,42440.0,550.0
2019-06-25,42325.0,46500.0,42320.0,46200.0,840.0
2019-06-26,46499.0,54900.0,42000.0,50495.0,2220.0
2019-06-27,50330.0,51200.0,40000.0,43498.9,1770.0
2019-06-28,43498.9,47990.0,42001.1,47547.0,890.0
2019-06-29,47547.0,47600.0,44010.0,45999.0,370.0
2019-06-30,45975.0,46300.0,42581.0,43290.0,390.0
2019-07-01,43290.0,44198.4,38202.0,41500.0,1060.0
2019-07-02,41500.0,42430.0,38000.0,41599.0,840.0
2019-07-03,41599.0,44990.7,41255.0,44802.0,880.0
2019-07-04,44950.0,45735.1,43000.0,43109.1,600.0
2019-07-05,43109.1,44499.0,42245.0,42650.0,500.0
2019-07-06,42650.0,44293.0,42650.0,43325.3,180.0
2019-07-07,43325.3,43990.0,43000.0,43854.9,70.0
2019-07-08,43979.1,46495.0,43650.1,46050.0,710.0
2019-07-09,46027.3,47602.1,46027.3,47233.0,520.0
2019-07-10,47232.0,49800.0,44102.0,46385.1,1170.0
2019-07-11,46385.1,46612.0,42600.0,43415.0,730.0
2019-07-12,43411.1,45499.0,42900.0,44871.5,390.0
2019-07-13,44871.5,44990.0,42000.0,43985.0,280.0
2019-07-14,43985.0,44100.0,40500.0,40599.0,350.0
2019-07-15,40599.0,42300.0,39001.0,41990.0,620.0
2019-07-16,41990.0,42279.0,35000.0,35400.0,990.0
2019-07-17,35400.0,38500.0,34300.0,36920.0,790.0
2019-07-18,36920.0,40000.0,34500.0,39000.0,1240.0
2019-07-19,38901.1,39489.9,38000.0,38998.0,570.0
2019-07-20,38998.0,40500.0,38200.0,39400.0,380.0
2019-07-21,39603.0,39980.0,39000.0,39360.0,120.0
2019-07-22,39400.0,39760.0,38251.1,38840.0,390.0
2019-07-23,38551.2,38840.0,37500.0,37900.5,410.0
2019-07-24,37900.5,37999.7,36523.0,37273.0,450.0
2019-07-25,37273.0,38460.0,37115.0,37815.0,360.0
2019-07-26,37989.0,37989.0,37300.0,37775.0,270.0
2019-07-27,37578.0,38200.0,36258.0,36790.0,280.0
2019-07-28,36790.0,37363.6,36051.1,36555.0,100.0
2019-07-29,36555.0,36800.0,36080.0,36438.0,250.0
2019-07-30,36350.0,38400.0,36050.0,36750.0,350.0
2019-07-31,36985.0,38200.0,36750.0,38000.0,410.0
2019-08-01,37850.0,40000.0,37800.0,39400.0,500.0
2019-08-02,39362.0,41759.0,39200.0,40683.0,780.0
2019-08-03,40683.0,41960.0,40401.1,41400.0,310.0
2019-08-04,41350.0,42000.0,41045.0,41644.0,190.0
2019-08-05,41516.0,46300.0,41503.0,45477.0,1570.0
2019-08-06,45477.0,46453.0,44139.0,45250.0,1010.0
2019-08-07,45271.7,47825.0,44600.0,46700.0,800.0
2019-08-08,46840.0,46900.0,45798.0,46700.0,390.0
2019-08-09,46600.0,46700.0,46150.0,46649.9,250.0
2019-08-10,46649.9,46650.0,45000.0,45466.7,210.0
2019-08-11,45300.0,45800.0,45000.0,45800.0,80.0
2019-08-12,45800.0,46500.0,45009.3,45400.0,250.0
2019-08-13,45500.0,45748.6,43500.0,43849.0,510.0
2019-08-14,43739.9,43850.0,41050.0,41788.0,550.0
2019-08-15,41788.0,43500.0,40000.0,41900.0,560.0
2019-08-16,41900.0,42490.0,40550.0,42135.0,370.0
2019-08-17,42000.0,42200.0,41111.1,41469.9,90.0
2019-08-18,41469.9,42100.0,41251.4,41850.0,60.0
2019-08-19,41990.3,44830.0,41630.0,44427.0,520.0
2019-08-20,44427.0,44580.0,43000.0,43960.6,340.0
2019-08-21,43650.0,44020.9,40700.0,41520.0,630.0
2019-08-22,41331.2,41920.0,40310.0,41178.8,320.0
2019-08-23,41178.8,42999.0,41107.1,42330.1,320.0
2019-08-24,42350.0,42478.9,41220.8,41667.0,120.0
2019-08-25,41667.0,42312.1,41500.0,41713.9,50.0
2019-08-26,41713.9,43100.0,41569.2,42656.0,440.0
2019-08-27,42655.0,42900.0,42001.0,42449.0,250.0
2019-08-28,42254.0,43200.0,40800.0,41330.7,460.0
2019-08-29,41330.7,41330.7,40000.0,40300.0,460.0
2019-08-30,40300.0,40866.0,39850.0,40225.1,280.0
2019-08-31,40400.9,40900.0,39964.5,40424.9,80.0
2019-09-01,40206.0,40800.0,40206.0,40650.0,40.0
2019-09-02,40779.0,43050.0,40360.0,42500.0,510.0
2019-09-03,42502.0,44500.0,42100.0,43747.4,790.0
2019-09-04,43625.0,44358.7,43000.0,43600.0,540.0
2019-09-05,43600.0,43970.0,43300.0,43795.0,220.0
2019-09-06,43795.0,44500.0,42550.0,43172.7,460.0
2019-09-07,43172.7,43445.8,42807.3,43171.0,60.0
2019-09-08,43171.0,43297.0,42800.0,42911.0,70.0
2019-09-09,42960.0,43200.0,42187.0,42580.0,290.0
2019-09-10,42580.0,42856.1,41500.0,41901.0,320.0
2019-09-11,41901.0,42039.0,41202.0,41511.1,280.0
2019-09-12,41697.0,42500.0,41300.0,42300.0,240.0
2019-09-13,42301.0,42480.0,41950.0,42360.0,190.0
2019-09-14,42280.0,42400.0,42120.0,42201.3,50.0
2019-09-15,42201.3,42378.9,42000.0,42190.0,30.0
2019-09-16,42190.0,42500.0,41700.0,42390.0,260.0
2019-09-17,42186.0,42392.0,41950.0,42129.0,210.0
2019-09-18,42127.0,42350.0,41950.0,42026.1,220.0
2019-09-19,42026.1,42824.6,40800.0,42300.0,390.0
2019-09-20,42486.9,42747.9,42100.0,42349.0,200.0
2019-09-21,42344.4,42344.4,41800.0,42000.0,60.0
2019-09-22,42000.0,42098.0,41600.0,41900.0,30.0
2019-09-23,41900.0,42000.0,41021.1,41197.0,240.0
2019-09-24,41060.0,41588.0,36011.1,37694.0,900.0
2019-09-25,38090.0,38399.0,35500.0,35850.0,820.0
2019-09-26,35809.9,36173.0,32550.1,34458.1,680.0
2019-09-27,34458.1,35490.8,33500.0,34987.0,450.0
2019-09-28,34900.0,35200.0,34374.0,34798.0,120.0
2019-09-29,34798.0,34798.0,33650.0,34010.4,70.0
2019-09-30,34200.0,35440.0,33600.4,34600.0,310.0
2019-10-01,34505.0,36000.0,34500.0,35160.6,350.0
2019-10-02,35200.0,35500.0,34599.0,35150.1,230.0
2019-10-03,35325.0,35500.0,33700.0,34248.3,270.0
2019-10-04,34248.3,34248.3,33600.0,33800.0,210.0
2019-10-05,33720.0,33924.6,33000.0,33450.0,70.0
2019-10-06,33450.0,33649.9,32100.0,32100.5,80.0
2019-10-07,32100.5,34650.0,31500.0,33810.0,320.0
2019-10-08,33810.0,34199.0,33500.0,33620.0,220.0
2019-10-09,33750.0,35500.0,33500.0,35198.7,400.0
2019-10-10,35080.9,35800.0,34934.5,35475.0,250.0
2019-10-11,35480.0,35619.0,34200.0,34463.0,210.0
2019-10-12,34455.6,35000.0,34450.0,34720.0,40.0
2019-10-13,34720.0,35300.0,34365.0,34648.0,70.0
2019-10-14,34648.0,34950.0,34230.4,34505.1,160.0
2019-10-15,34505.1,34979.7,34100.1,34155.0,220.0
2019-10-16,34300.0,34500.0,33500.0,33800.0,180.0
2019-10-17,33800.0,34200.0,33500.0,33964.5,170.0
2019-10-18,33719.0,33950.0,33060.0,33150.1,160.0
2019-10-19,33346.0,33618.6,33070.0,33266.9,40.0
2019-10-20,33266.9,34165.0,33090.0,33790.0,60.0
2019-10-21,33790.0,34500.0,33629.2,34110.0,240.0
2019-10-22,34110.0,34498.7,33250.0,33251.0,180.0
2019-10-23,33379.0,33380.0,30300.0,30495.0,460.0
2019-10-24,30495.0,31270.2,30011.0,30500.0,200.0
2019-10-25,30500.1,34600.0,30500.0,34100.0,540.0
2019-10-26,34100.0,39990.0,34100.0,35801.0,740.0
2019-10-27,35802.0,37850.0,35132.0,36600.0,310.0
2019-10-28,36530.0,37555.6,35460.0,36710.0,420.0
2019-10-29,36710.0,37750.0,36604.0,37550.0,340.0
2019-10-30,37550.0,37558.1,36500.0,36640.0,210.0
2019-10-31,36640.0,37560.0,36100.0,37400.0,250.0
2019-11-01,37400.0,37400.0,36627.0,36848.0,170.0
2019-11-02,36848.0,37143.9,36802.8,37030.0,40.0
2019-11-03,37100.0,37150.0,36800.0,36810.0,40.0
2019-11-04,36810.0,38000.0,36704.0,37490.0,290.0
2019-11-05,37500.0,37845.0,37300.0,37601.0,190.0
2019-11-06,37601.0,38100.0,37355.6,38001.0,280.0
2019-11-07,37800.0,38100.0,37601.0,37810.0,190.0
2019-11-08,37810.0,37902.1,36400.0,37015.1,310.0
2019-11-09,37139.0,37230.1,36550.0,36827.0,60.0
2019-11-10,36937.0,37820.0,36801.5,37570.0,90.0
2019-11-11,37570.0,37700.0,36500.0,36700.0,200.0
2019-11-12,36676.0,37205.0,36500.0,36810.4,160.0
2019-11-13,36810.4,37200.0,36600.4,36800.1,160.0
2019-11-14,36800.1,37160.0,36200.0,36755.0,150.0
2019-11-15,36755.0,36899.9,36000.0,36040.0,110.0
2019-11-16,36040.0,36300.0,36000.0,36299.0,40.0
2019-11-17,36299.0,36455.8,36061.0,36200.0,30.0
2019-11-18,36200.0,36399.0,34051.0,34910.6,220.0
2019-11-19,34910.6,35190.0,34002.0,34550.1,170.0
2019-11-20,34550.1,34777.7,34035.0,34100.0,120.0
2019-11-21,34081.0,34100.0,31712.0,32681.3,340.0
2019-11-22,32555.0,33499.0,29400.1,31000.0,780.0
2019-11-23,30990.0,31999.0,30500.0,31585.8,110.0
2019-11-24,31585.8,31585.8,29500.0,29699.9,110.0
2019-11-25,29699.9,31500.0,28800.0,30740.0,350.0
2019-11-26,30740.0,31095.0,30350.0,30750.0,200.0
2019-11-27,30750.0,33000.0,29700.0,32500.0,360.0
2019-11-28,32500.0,32999.0,31599.9,31750.0,270.0
2019-11-29,31661.1,33369.0,31506.0,33200.0,230.0
2019-11-30,33200.0,33250.0,32100.0,32380.0,70.0
2019-12-01,32380.0,32554.4,31505.0,31787.0,90.0
2019-12-02,31787.0,32099.9,31000.1,31349.4,190.0
2019-12-03,31349.4,31694.1,30999.0,30999.0,170.0
2019-12-04,30999.0,32295.0,30350.0,30897.5,220.0
2019-12-05,30897.5,31600.0,30650.0,31210.7,150.0
2019-12-06,31210.7,31513.0,30917.1,31255.4,130.0
2019-12-07,31255.4,31490.0,31176.0,31285.0,30.0
2019-12-08,31285.0,31450.0,30862.0,31201.0,40.0
2019-12-09,31201.0,31546.2,30522.2,30595.0,200.0
2019-12-10,30595.0,30949.1,30103.0,30190.0,210.0
2019-12-11,30190.0,30370.9,29530.0,29900.0,190.0
2019-12-12,29900.0,30200.0,29498.9,29878.0,200.0
2019-12-13,29878.0,30490.1,29611.0,30200.0,150.0
2019-12-14,30200.0,30292.4,29050.0,29440.0,80.0
2019-12-15,29440.0,29500.0,29008.9,29250.1,40.0
2019-12-16,29250.1,30149.0,28011.0,28403.6,260.0
2019-12-17,28403.6,28403.6,27000.0,27009.1,280.0
2019-12-18,27009.1,30500.0,26401.0,29920.0,380.0
2019-12-19,29920.0,30027.0,28676.2,29200.0,190.0
2019-12-20,29200.0,29800.0,28943.9,29612.0,190.0
2019-12-21,29612.0,29832.0,29300.0,29329.0,30.0
2019-12-22,29329.0,30800.0,29329.0,30650.0,80.0
2019-12-23,30650.0,31500.0,30050.0,30100.0,250.0
2019-12-24,30100.0,31048.0,29550.0,29830.3,110.0
2019-12-25,29830.3,29919.0,29500.0,29630.6,30.0
2019-12-26,29630.6,30200.0,29501.0,29600.0,150.0
2019-12-27,29600.0,29894.4,29033.0,29560.0,150.0
2019-12-28,29560.0,29889.0,29560.0,29775.0,40.0
2019-12-29,29775.0,30210.0,29560.5,29820.0,30.0
2019-12-30,29820.0,30200.0,29400.0,29699.9,170.0
2019-12-31,29699.9,29999.8,29057.0,29201.1,80.0
2020-01-01,29201.1,29399.0,29100.0,29199.0,20.0
2020-01-02,29140.0,30000.0,28100.0,28200.0,140.0
2020-01-03,28200.0,30350.0,28003.0,29776.2,220.0
2020-01-04,29776.2,29980.0,29611.0,29761.0,40.0
2020-01-05,29761.0,30200.0,29650.0,29741.0,70.0
2020-01-06,29741.0,31500.0,29650.1,31400.0,280.0
2020-01-07,31400.0,33350.0,31400.0,33000.0,490.0
2020-01-08,33000.0,34280.1,32000.1,32800.3,470.0
2020-01-09,32800.2,32800.3,32000.0,32276.5,190.0
2020-01-10,32276.5,33369.8,31800.0,33208.8,240.0
2020-01-11,33208.8,33450.4,32800.0,32860.0,70.0
2020-01-12,32860.0,33470.0,32515.2,33188.0,40.0
2020-01-13,33188.0,33798.0,32900.0,33518.9,210.0
2020-01-14,33518.9,36500.0,33384.5,36223.0,680.0
2020-01-15,36223.0,37200.0,35463.0,36879.4,310.0
2020-01-16,36879.4,36919.8,35710.0,36471.8,240.0
2020-01-17,36471.8,37499.0,36386.0,37226.5,260.0
2020-01-18,37226.5,37500.0,37055.0,37260.0,90.0
2020-01-19,37260.0,38000.0,35501.0,36599.7,210.0
2020-01-20,36599.7,36996.1,35619.0,36650.0,210.0
2020-01-21,36650.0,37000.0,36350.0,36919.5,150.0
2020-01-22,36919.5,37000.0,36500.0,36595.8,130.0
2020-01-23,36595.8,36640.0,34590.0,35216.0,250.0
2020-01-24,35230.0,36000.0,34450.0,35649.1,190.0
2020-01-25,35649.1,35800.0,35010.0,35177.2,50.0
2020-01-26,35177.2,35977.0,35056.2,35950.0,40.0
2020-01-27,35950.0,37790.0,35891.3,37000.2,370.0
2020-01-28,37000.2,39000.0,37000.0,38920.0,410.0
2020-01-29,38950.0,39530.0,38450.0,39185.1,380.0
2020-01-30,39185.1,40588.9,38551.1,40005.0,490.0
2020-01-31,39991.0,40299.0,39000.0,39890.8,250.0
2020-02-01,39890.8,40205.0,39700.0,39935.9,50.0
2020-02-02,39935.9,40501.0,39600.0,40198.1,100.0
2020-02-03,40198.1,40501.0,39402.0,39700.0,190.0
2020-02-04,39700.0,39914.0,38700.0,39376.0,210.0
2020-02-05,39376.0,41202.0,39050.0,40690.0,350.0
2020-02-06,40690.0,42000.0,40501.0,41800.0,240.0
2020-02-07,41800.0,42500.0,41696.0,42285.0,230.0
2020-02-08,42285.0,42700.0,42000.0,42590.0,90.0
2020-02-09,42590.0,44000.0,42590.0,43850.0,160.0
2020-02-10,43850.0,43990.0,41850.0,42771.0,300.0
2020-02-11,42771.0,44700.0,42250.0,44250.0,380.0
2020-02-12,44194.0,45430.0,44194.0,45110.0,290.0
2020-02-13,45110.0,45500.0,44385.0,44675.0,250.0
2020-02-14,44607.9,45200.0,44450.0,44660.5,140.0
2020-02-15,44660.5,45100.0,42500.0,43230.0,190.0
2020-02-16,43230.0,44000.0,42500.0,43400.0,120.0
2020-02-17,43400.0,43449.6,41101.0,42400.4,290.0
2020-02-18,42400.4,44900.0,42317.4,44220.1,280.0
2020-02-19,44220.1,44900.0,41800.0,43097.5,240.0
2020-02-20,43097.5,43999.0,42101.0,42450.0,230.0
2020-02-21,42550.0,43999.0,42450.0,43000.0,140.0
2020-02-22,43000.0,43479.9,42757.4,42970.0,30.0
2020-02-23,42970.0,43789.0,42771.0,43726.2,40.0
2020-02-24,43726.2,43769.0,42502.0,42913.9,50.0
2020-02-25,42913.9,43000.0,41501.0,41677.1,90.0
2020-02-26,41677.1,41988.0,38900.0,39750.0,340.0
2020-02-27,39750.0,41020.3,38505.1,40000.0,290.0
2020-02-28,40000.0,40493.9,38300.0,39578.1,170.0
2020-02-29,39578.1,39757.0,39000.1,39000.1,40.0
2020-03-01,39000.1,39348.9,38450.0,38750.0,80.0
2020-03-02,38750.0,40799.2,38550.0,40399.1,200.0
2020-03-03,40300.0,40732.2,39500.0,39963.4,140.0
2020-03-04,39963.4,40700.0,39603.8,40355.0,150.0
2020-03-05,40355.0,42962.5,40049.3,42100.0,240.0
2020-03-06,42100.0,42900.7,41612.3,42300.0,180.0
2020-03-07,42300.0,42441.9,41350.0,41453.1,50.0
2020-03-08,41453.1,41453.1,38601.0,38612.5,160.0
2020-03-09,38612.5,40270.0,37000.0,38249.0,500.0
2020-03-10,38249.0,39225.0,36784.1,37359.9,300.0
2020-03-11,37359.9,38660.0,36250.0,38429.9,230.0
2020-03-12,38429.9,38600.0,25500.0,25999.9,1090.0
2020-03-13,25999.9,34500.0,20510.0,28995.0,1380.0
2020-03-14,28995.0,29000.0,26500.0,27300.0,190.0
2020-03-15,27300.0,30000.0,26530.0,27999.0,170.0
2020-03-16,27999.0,27999.0,24000.0,25720.2,730.0
2020-03-17,25720.2,27998.0,25200.0,27345.6,410.0
2020-03-18,27345.6,28000.0,26300.0,27700.4,300.0
2020-03-19,27700.4,33000.0,27351.0,32159.0,780.0
2020-03-20,32159.0,35789.0,29500.0,31820.5,720.0
2020-03-21,31820.5,32990.0,30900.1,32170.0,140.0
2020-03-22,32170.0,32650.0,30800.0,31000.0,120.0
2020-03-23,31000.0,33349.0,30701.0,32606.3,310.0
2020-03-24,32606.3,34487.0,32500.0,34200.0,350.0
2020-03-25,34200.0,34650.0,33502.0,33725.1,250.0
2020-03-26,33725.1,34080.0,33300.0,33998.0,170.0
2020-03-27,33998.0,34250.0,32900.0,33102.8,180.0
2020-03-28,33102.8,33187.0,31245.0,32250.0,180.0
2020-03-29,32250.0,32394.0,31000.0,31095.0,100.0
2020-03-30,31095.0,33606.1,31000.0,33198.2,270.0
2020-03-31,33198.2,33500.0,31509.1,32769.0,340.0
2020-04-01,32769.0,33700.0,32000.0,33511.0,310.0
2020-04-02,33511.0,36500.0,33099.0,34756.0,720.0
2020-04-03,34756.0,36000.0,34500.0,35600.0,330.0
2020-04-04,35600.0,36000.0,35351.1,35800.0,80.0
2020-04-05,35800.0,35800.0,35260.0,35320.4,50.0
2020-04-06,35320.4,37900.0,35320.4,37900.0,480.0
2020-04-07,37900.0,38897.0,36600.5,37250.1,400.0
2020-04-08,37250.1,38482.2,37250.0,37730.0,200.0
2020-04-09,37850.0,38073.1,37000.0,37250.1,230.0
2020-04-10,37250.1,37590.0,35107.5,35800.0,170.0
2020-04-11,35800.0,36400.0,35360.0,35750.7,70.0
2020-04-12,36159.9,37450.0,35512.5,36210.0,70.0
2020-04-13,36211.0,36529.6,34500.9,35880.0,340.0
2020-04-14,35880.0,36700.0,35690.0,35750.0,210.0
2020-04-15,35750.0,36400.0,35150.0,35166.4,190.0
2020-04-16,35166.4,37400.0,34700.0,37001.0,340.0
2020-04-17,37000.0,37500.0,36701.0,37119.6,140.0
2020-04-18,37119.6,37700.0,36835.0,37415.0,90.0
2020-04-19,37520.0,37520.0,37000.0,37158.0,40.0
2020-04-20,37158.0,37666.0,36401.0,36807.7,200.0
2020-04-21,36807.7,36989.2,36510.0,36800.0,40.0
2020-04-22,36801.0,38400.0,36661.1,38000.3,300.0
2020-04-23,38000.3,41000.0,37809.0,40050.0,610.0
2020-04-24,40065.1,42498.0,39600.0,41050.0,520.0
2020-04-25,41050.0,41900.0,41000.0,41212.0,90.0
2020-04-26,41212.0,42000.0,41210.0,41715.0,60.0
2020-04-27,41715.0,44000.0,41715.0,43392.0,390.0
2020-04-28,43392.0,43900.0,42600.1,43052.1,300.0
2020-04-29,43052.1,47000.0,42763.7,46498.0,750.0
2020-04-30,46443.2,48500.0,45000.0,46700.0,710.0
2020-05-01,46700.0,48497.0,46700.0,47699.0,150.0
2020-05-02,47699.0,48200.0,47262.5,47900.0,90.0
2020-05-03,47900.0,49000.0,47761.1,48744.6,180.0
2020-05-04,48744.6,49460.0,47800.0,48976.9,330.0
2020-05-05,48930.0,49800.0,48417.5,49655.0,280.0
2020-05-06,49655.0,53080.6,49451.0,52600.0,600.0
2020-05-07,52577.9,58000.0,51523.0,57880.0,780.0
2020-05-08,57880.0,58888.9,46201.0,54450.0,980.0
2020-05-09,54450.0,56000.0,48115.0,52220.0,610.0
2020-05-10,52220.0,52498.0,47000.0,49498.9,630.0
2020-05-11,49498.9,54000.0,48010.0,49900.0,870.0
2020-05-12,49900.0,52500.0,49253.1,51335.0,310.0
2020-05-13,51335.0,55000.0,51202.0,54600.0,480.0
2020-05-14,54600.0,57464.2,53701.0,56208.0,530.0
2020-05-15,56208.0,56399.9,53299.0,53898.0,380.0
2020-05-16,53898.0,54890.0,53500.0,54207.4,80.0
2020-05-17,54207.4,56659.0,54200.0,55600.0,190.0
2020-05-18,55600.0,56480.0,55000.0,55889.5,210.0
2020-05-19,55889.5,56000.0,55000.0,55935.0,190.0
2020-05-20,55935.0,56298.0,54001.0,55280.0,250.0
2020-05-21,55280.0,55280.0,50000.0,51305.0,540.0
2020-05-22,51305.0,52499.0,50551.0,51620.3,260.0
2020-05-23,51620.3,52300.0,51288.0,51601.0,50.0
2020-05-24,51601.0,51990.0,49500.0,49565.0,140.0
2020-05-25,49565.0,50001.0,48095.9,49943.8,320.0
2020-05-26,49943.8,49950.0,47210.0,47799.9,270.0
2020-05-27,47799.9,49920.0,47275.0,49168.0,230.0
2020-05-28,49168.0,51990.0,48650.0,51702.4,290.0
2020-05-29,51702.4,51910.0,50650.0,50650.0,140.0
2020-05-30,50650.0,51650.0,50200.0,51499.9,60.0
2020-05-31,51499.9,51596.0,50710.1,50861.1,40.0
2020-06-01,50861.1,54998.0,50806.0,54000.0,320.0
2020-06-02,54000.0,54439.0,49900.0,50442.1,460.0
2020-06-03,50442.1,51399.0,48600.0,49500.2,340.0
2020-06-04,49500.2,50912.8,48608.0,50400.6,130.0
2020-06-05,50400.6,50990.0,48500.0,48715.1,280.0
2020-06-06,48522.2,49500.0,48200.0,49072.9,60.0
2020-06-07,49072.9,50490.0,47650.0,49394.4,150.0
2020-06-08,49394.4,49395.0,47040.0,48096.9,230.0
2020-06-09,48096.8,48590.0,47101.0,48388.5,150.0
2020-06-10,48388.5,49500.0,47801.0,49350.0,150.0
2020-06-11,49350.0,49549.8,46500.0,47262.5,240.0
2020-06-12,47262.5,48500.0,46900.1,48100.1,150.0
2020-06-13,48100.1,48260.0,47552.1,47788.9,30.0
2020-06-14,47788.9,48200.0,47504.6,47750.0,30.0
2020-06-15,47750.0,48950.0,46112.5,48600.0,210.0
2020-06-16,48600.0,49899.0,48259.1,49585.0,210.0
2020-06-17,49585.0,49950.0,49099.0,49499.8,110.0
2020-06-18,49499.8,50900.0,49278.4,50405.0,160.0
2020-06-19,50500.0,50770.0,49551.2,49900.0,110.0
2020-06-20,49900.0,49900.0,49602.7,49750.0,20.0
2020-06-21,49750.0,50290.0,49659.9,49763.0,20.0
2020-06-22,49763.0,51000.0,49660.0,50721.0,130.0
2020-06-23,50721.0,50959.0,49750.0,49760.0,170.0
2020-06-24,49760.0,50260.0,48900.0,49825.0,140.0
2020-06-25,49825.0,50279.9,48900.0,49755.0,130.0
2020-06-26,49755.0,50250.0,49260.0,49915.1,110.0
2020-06-27,49915.1,50050.0,49299.0,49678.2,40.0
2020-06-28,49678.2,50000.0,49501.1,49948.7,20.0
2020-06-29,49948.7,50062.3,49314.0,49840.0,80.0
2020-06-30,49840.0,50500.0,49667.0,50200.0,110.0
2020-07-01,50200.0,50487.0,49710.0,49990.0,110.0
2020-07-02,49990.0,50000.0,48100.0,49209.6,210.0
2020-07-03,49209.6,49900.0,48701.0,49075.0,140.0
2020-07-04,49075.0,49400.0,48750.0,49262.9,20.0
2020-07-05,49262.9,49262.9,48800.0,49047.1,30.0
2020-07-06,49047.1,49890.0,48970.0,49890.0,130.0
2020-07-07,49890.0,49900.1,49707.0,49900.1,130.0
2020-07-08,49900.1,50360.1,49900.1,50360.1,180.0
2020-07-09,50360.1,50360.1,49899.0,49899.0,150.0
2020-07-10,49899.0,49905.9,49899.0,49905.9,130.0
2020-07-11,49905.9,49905.9,49743.0,49743.0,10.0
2020-07-12,49743.0,49920.0,49743.0,49920.0,20.0
2020-07-13,49920.0,50042.2,49800.4,50042.2,150.0
2020-07-14,50042.2,50124.0,50042.2,50073.4,130.0
2020-07-15,50073.4,50100.1,49868.0,49868.0,150.0
2020-07-16,49868.0,49868.0,49320.0,49320.0,210.0
2020-07-17,49320.0,49999.9,49320.0,49999.9,120.0
2020-07-18,49999.9,49999.9,49600.1,49636.0,20.0
2020-07-19,49636.0,49680.0,49636.0,49680.0,20.0
2020-07-20,49680.0,49748.0,49680.0,49748.0,120.0
2020-07-21,49748.0,49748.0,49143.0,49143.0,130.0
2020-07-22,49143.0,49321.0,49110.6,49321.0,210.0
2020-07-23,49321.0,49850.0,49321.0,49850.0,150.0
2020-07-24,49850.0,50150.0,49850.0,50150.0,100.0
2020-07-25,50150.0,50400.2,50100.0,50400.2,70.0
2020-07-26,50400.2,50500.8,50400.2,50405.0,120.0
2020-07-27,50405.0,55465.0,50405.0,55465.0,920.0
2020-07-28,55300.0,56656.0,55300.0,56165.0,380.0
2020-07-29,56165.0,57451.0,56165.0,57451.0,350.0
2020-07-30,57451.0,57451.0,56891.0,57330.0,210.0
2020-07-31,57330.0,59163.5,57330.0,59163.5,240.0
2020-08-01,59163.5,61298.1,59163.5,61298.1,220.0
2020-08-02,61298.1,61298.1,58208.0,58296.4,250.0
2020-08-03,58682.1,59840.0,58280.0,59840.0,230.0
2020-08-04,59840.0,60248.2,59840.0,59950.0,100.0
2020-08-05,59950.0,61903.1,59950.0,61903.1,250.0
2020-08-06,62000.0,63500.0,62000.0,63500.0,210.0
2020-08-07,63500.0,63500.0,63141.0,63141.0,150.0
2020-08-08,63141.0,63802.0,63141.0,63802.0,50.0
2020-08-09,63802.0,63802.0,63511.5,63700.0,30.0
2020-08-10,63700.0,65579.0,63700.0,65579.0,260.0
2020-08-11,65579.0,65579.0,61155.9,62410.4,360.0
2020-08-12,62410.4,63140.0,62410.4,63140.0,140.0
2020-08-13,63140.0,63150.0,63020.7,63020.7,100.0
2020-08-14,63020.7,63905.0,63020.7,63905.0,120.0
2020-08-15,63905.0,64280.0,63905.0,64280.0,40.0
2020-08-16,64280.0,64499.9,64052.0,64270.3,20.0
2020-08-17,64270.3,67501.0,64270.3,67501.0,300.0
2020-08-18,67501.0,67699.0,66453.3,66453.3,210.0
2020-08-19,66453.3,66453.3,65798.5,65980.0,200.0
2020-08-20,65980.0,67300.0,65980.0,66655.0,130.0
2020-08-21,66655.0,66655.0,65714.8,65714.8,120.0
2020-08-22,65714.8,66112.0,65714.8,66112.0,80.0
2020-08-23,66112.0,66228.5,66100.0,66100.0,20.0
2020-08-24,66100.0,66700.0,66100.0,66700.0,90.0
2020-08-25,66269.5,66269.5,63477.4,63610.0,300.0
2020-08-26,63610.0,64655.2,63610.0,64655.2,100.0
2020-08-27,64655.2,64655.2,63599.9,63599.9,160.0
2020-08-28,63599.9,63599.9,63400.0,63400.0,110.0
2020-08-29,63400.0,63400.0,62700.0,62700.0,40.0
2020-08-30,62700.0,63597.0,62700.0,63350.9,20.0
2020-08-31,63350.9,64400.0,63284.8,64400.0,100.0
2020-09-01,64400.0,64900.0,64400.0,64900.0,120.0
2020-09-02,64900.0,64900.0,61601.8,62217.8,300.0
2020-09-03,62217.8,62217.8,55988.4,55988.4,400.0
2020-09-04,55988.4,56515.6,55988.4,56515.6,300.0
2020-09-05,56515.6,56515.6,54523.0,54523.0,100.0
2020-09-06,54556.2,55662.4,54556.2,55662.4,30.0
2020-09-07,55662.4,55662.4,53620.6,55200.0,70.0
2020-09-08,55200.0,55200.0,54348.4,54348.4,170.0
2020-09-09,54348.4,55245.0,54348.4,55245.0,110.0
2020-09-10,55245.0,55707.0,55245.0,55707.0,110.0
2020-09-11,55707.0,56076.3,55707.0,56076.3,90.0
2020-09-12,56076.3,56076.3,55856.4,55856.4,20.0
2020-09-13,55856.4,56250.0,55781.0,55781.0,20.0
2020-09-14,55781.0,57000.0,55781.0,57000.0,140.0
2020-09-15,57000.0,57950.0,57000.0,57700.0,180.0
2020-09-16,57700.0,58350.0,57700.0,58350.0,150.0
2020-09-17,58350.0,58350.0,58145.2,58145.2,140.0
2020-09-18,58145.2,59285.0,58145.2,59285.0,80.0
2020-09-19,59285.0,59750.0,59285.0,59750.0,50.0
2020-09-20,59750.0,59750.0,59050.0,59050.0,40.0
2020-09-21,59050.0,59050.0,57050.6,57050.6,210.0
2020-09-22,57050.6,57880.0,57050.6,57880.0,100.0
2020-09-23,57880.0,57881.4,57880.0,57881.4,130.0
2020-09-24,57881.4,59501.1,57881.4,59501.1,130.0
2020-09-25,59501.1,59810.0,59501.1,59810.0,140.0
2020-09-26,59810.0,59810.0,59720.5,59720.5,20.0
2020-09-27,59720.5,59948.0,59635.5,59948.0,20.0
2020-09-28,59948.0,60700.0,59948.0,60700.0,180.0
2020-09-29,60700.0,61293.0,60700.0,60995.0,130.0
2020-09-30,60995.0,60995.0,60770.1,60910.9,180.0
2020-10-01,60910.9,61037.2,60648.5,60648.5,130.0
2020-10-02,60648.5,60800.0,60648.5,60800.0,100.0
2020-10-03,60800.0,60800.0,60250.0,60250.0,10.0
2020-10-04,60250.0,60569.3,60249.0,60569.3,10.0
2020-10-05,60569.3,60778.4,60211.4,60211.4,90.0
2020-10-06,60211.4,60211.4,59800.4,59800.4,90.0
2020-10-07,59800.4,60499.9,59800.4,60499.9,130.0
2020-10-08,60499.9,61218.5,59871.2,61218.5,150.0
2020-10-09,61218.5,61960.0,61218.5,61960.0,160.0
2020-10-10,61960.0,62747.2,61960.0,62747.2,60.0
2020-10-11,62747.2,63000.0,62747.2,63000.0,30.0
2020-10-12,63000.0,63849.8,62817.4,63849.8,70.0
2020-10-13,63849.8,63849.8,63601.7,63601.7,130.0
2020-10-14,63601.7,64100.6,63601.7,64100.6,140.0
2020-10-15,64100.6,65000.0,64100.6,65000.0,140.0
2020-10-16,65000.0,65000.0,64475.9,64475.9,170.0
2020-10-17,64475.9,64600.0,64475.9,64600.0,20.0
2020-10-18,64600.0,64971.7,64600.0,64971.7,10.0
2020-10-19,64971.7,66000.3,64820.0,66000.3,150.0
2020-10-20,66000.3,66979.3,66000.3,66979.3,170.0
2020-10-21,66979.3,72100.0,66979.3,71401.2,590.0
2020-10-22,71878.4,72251.2,71878.4,72251.2,220.0
2020-10-23,72251.2,72719.0,72250.0,72250.0,130.0
2020-10-24,72250.0,73300.0,72250.0,73300.0,50.0
2020-10-25,73300.0,73500.0,73300.0,73500.0,60.0
2020-10-26,73500.0,73686.3,73500.0,73686.3,130.0
2020-10-27,73686.3,77889.5,73686.3,77889.5,240.0
2020-10-28,77889.5,77889.5,76899.0,76899.0,240.0
2020-10-29,76899.0,77950.2,76899.0,77950.2,120.0
2020-10-30,77950.2,78101.0,77950.2,78101.0,120.0
2020-10-31,78101.0,79405.0,78101.0,79405.0,90.0
2020-11-01,79405.0,79405.0,79098.9,79205.0,40.0
2020-11-02,79205.0,79205.0,78183.3,78211.0,80.0
2020-11-03,78211.0,80500.0,78211.0,80500.0,160.0
2020-11-04,80500.0,80628.0,79601.0,80628.0,160.0
2020-11-05,80628.0,86600.3,80628.0,86600.3,310.0
2020-11-06,86600.3,86600.3,84859.0,84859.0,320.0
2020-11-07,84859.0,84859.0,80495.0,80495.0,230.0
2020-11-08,80495.0,84299.8,80495.0,84299.8,100.0
2020-11-09,84299.8,84299.8,81000.0,83000.1,190.0
2020-11-10,83000.1,83900.0,83000.1,83900.0,120.0
2020-11-11,83900.0,85969.0,83900.0,85969.0,170.0
2020-11-12,85969.0,88767.5,85969.0,88767.5,150.0
2020-11-13,88767.5,89177.0,88767.5,89177.0,220.0
2020-11-14,89177.0,89177.0,88100.0,88100.0,80.0
2020-11-15,88100.0,88100.0,87500.8,87501.0,30.0
2020-11-16,87501.0,91097.3,87501.0,91097.3,240.0
2020-11-17,91097.3,94600.0,91097.3,94600.0,270.0
2020-11-18,94600.0,96600.0,94600.0,96600.0,350.0
2020-11-19,96600.0,96600.0,94650.0,96029.0,160.0
2020-11-20,96029.0,99999.9,96029.0,99999.9,290.0
2020-11-21,99999.9,101000.0,99999.9,100699.9,120.0
2020-11-22,100699.9,100699.9,99401.0,100300.0,130.0
2020-11-23,100300.0,101200.0,100020.3,101200.0,170.0
2020-11-24,101200.0,105200.0,101200.0,104300.0,290.0
2020-11-25,104300.0,104300.0,101495.0,101495.0,240.0
2020-11-26,101475.0,101475.0,93108.8,93108.8,770.0
2020-11-27,93108.8,94500.0,92552.1,92552.1,230.0
2020-11-28,92552.1,96150.0,92552.1,96150.0,90.0
2020-11-29,96150.0,98398.0,96150.0,98398.0,80.0
2020-11-30,98398.0,104500.0,98398.0,104500.0,310.0
2020-12-01,104500.0,104500.0,98899.0,98899.0,230.0
2020-12-02,98899.0,101259.9,98455.5,101259.9,120.0
2020-12-03,101259.9,101500.0,101145.9,101145.9,110.0
2020-12-04,101145.9,101145.9,97818.3,97818.3,150.0
2020-12-05,97818.3,99757.8,97818.3,99757.8,40.0
2020-12-06,99757.8,100119.0,99300.0,100119.0,20.0
2020-12-07,100119.0,100119.0,99780.0,99780.0,20.0
